,opcarrier,origin,dest,origin_lat,origin_lng,dest_lat,dest_lng
0,DL,SLC,ATL,40.78838778,-111.9777731,33.64044444,-84.42694444
1,DL,DTW,SFO,42.21205889,-83.34883583,37.61900194,-122.3748433
2,DL,MSP,SLC,44.88054694,-93.2169225,40.78838778,-111.9777731
3,AA,CLT,BWI,35.21401111,-80.94312583,39.17540167,-76.66819833
4,DL,ATL,SFO,33.64044444,-84.42694444,37.61900194,-122.3748433
5,DL,DTW,EWR,42.21205889,-83.34883583,40.69249722,-74.16866056
6,DL,DFW,SLC,32.89595056,-97.0372,40.78838778,-111.9777731
7,AA,LAS,LAX,36.08036111,-115.1523333,33.94253611,-118.4080744
8,DL,DTW,SLC,42.21205889,-83.34883583,40.78838778,-111.9777731
9,DL,LAX,SFO,33.94253611,-118.4080744,37.61900194,-122.3748433
10,AS,SEA,DCA,47.44898194,-122.3093131,38.85208333,-77.03772222
11,DL,DCA,SLC,38.85208333,-77.03772222,40.78838778,-111.9777731
12,AA,DFW,CLT,32.89595056,-97.0372,35.21401111,-80.94312583
13,DL,JFK,FLL,40.63975111,-73.77892556,26.07258333,-80.15275
14,DL,ATL,MIA,33.64044444,-84.42694444,25.79325,-80.29055556
15,OO,SAN,LAX,32.73355611,-117.1896567,33.94253611,-118.4080744
16,UA,DEN,IAH,39.85840806,-104.6670019,29.98047222,-95.33972222
17,UA,LAX,IAD,33.94253611,-118.4080744,38.94453194,-77.45580972
18,DL,TPA,DTW,27.97547222,-82.53325,42.21205889,-83.34883583
19,AA,PHX,SFO,33.43416667,-112.0080556,37.61900194,-122.3748433
20,DL,MSP,CLT,44.88054694,-93.2169225,35.21401111,-80.94312583
21,DL,ATL,DCA,33.64044444,-84.42694444,38.85208333,-77.03772222
22,AA,ORD,SFO,41.979595,-87.90446417,37.61900194,-122.3748433
23,AA,DFW,LAX,32.89595056,-97.0372,33.94253611,-118.4080744
24,AA,DFW,SLC,32.89595056,-97.0372,40.78838778,-111.9777731
25,AA,IAH,DFW,29.98047222,-95.33972222,32.89595056,-97.0372
26,UA,FLL,ORD,26.07258333,-80.15275,41.979595,-87.90446417
27,AA,CLT,MIA,35.21401111,-80.94312583,25.79325,-80.29055556
28,AA,DEN,CLT,39.85840806,-104.6670019,35.21401111,-80.94312583
29,DL,PDX,SEA,45.58872222,-122.5975,47.44898194,-122.3093131
30,DL,LAX,SEA,33.94253611,-118.4080744,47.44898194,-122.3093131
31,UA,MSP,DEN,44.88054694,-93.2169225,39.85840806,-104.6670019
32,DL,PDX,LAX,45.58872222,-122.5975,33.94253611,-118.4080744
33,DL,DTW,DCA,42.21205889,-83.34883583,38.85208333,-77.03772222
34,UA,EWR,SFO,40.69249722,-74.16866056,37.61900194,-122.3748433
35,DL,SLC,PHX,40.78838778,-111.9777731,33.43416667,-112.0080556
36,AA,CLT,JFK,35.21401111,-80.94312583,40.63975111,-73.77892556
37,UA,DEN,LAS,39.85840806,-104.6670019,36.08036111,-115.1523333
38,DL,MSP,LAX,44.88054694,-93.2169225,33.94253611,-118.4080744
39,UA,SAN,ORD,32.73355611,-117.1896567,41.979595,-87.90446417
40,AA,CLT,EWR,35.21401111,-80.94312583,40.69249722,-74.16866056
41,UA,IAD,SFO,38.94453194,-77.45580972,37.61900194,-122.3748433
42,DL,LAX,DTW,33.94253611,-118.4080744,42.21205889,-83.34883583
43,DL,LAS,SLC,36.08036111,-115.1523333,40.78838778,-111.9777731
44,DL,BOS,SEA,42.3643475,-71.00517917,47.44898194,-122.3093131
45,DL,EWR,ATL,40.69249722,-74.16866056,33.64044444,-84.42694444
46,UA,MCO,EWR,28.42888889,-81.31602778,40.69249722,-74.16866056
47,DL,ATL,PDX,33.64044444,-84.42694444,45.58872222,-122.5975
48,UA,MIA,IAH,25.79325,-80.29055556,29.98047222,-95.33972222
49,AA,CLT,PHL,35.21401111,-80.94312583,39.87195278,-75.24114083
50,UA,ORD,LGA,41.979595,-87.90446417,40.77724306,-73.87260917
51,DL,LAS,MSP,36.08036111,-115.1523333,44.88054694,-93.2169225
52,UA,ORD,BWI,41.979595,-87.90446417,39.17540167,-76.66819833
53,DL,SEA,ATL,47.44898194,-122.3093131,33.64044444,-84.42694444
54,DL,PHX,MSP,33.43416667,-112.0080556,44.88054694,-93.2169225
55,UA,ORD,SFO,41.979595,-87.90446417,37.61900194,-122.3748433
56,UA,SFO,SEA,37.61900194,-122.3748433,47.44898194,-122.3093131
57,UA,ORD,SEA,41.979595,-87.90446417,47.44898194,-122.3093131
58,AA,DFW,LAS,32.89595056,-97.0372,36.08036111,-115.1523333
59,DL,TPA,ATL,27.97547222,-82.53325,33.64044444,-84.42694444
60,DL,PHX,ATL,33.43416667,-112.0080556,33.64044444,-84.42694444
61,AA,ORD,DCA,41.979595,-87.90446417,38.85208333,-77.03772222
62,UA,LAX,LAS,33.94253611,-118.4080744,36.08036111,-115.1523333
63,DL,ATL,MCO,33.64044444,-84.42694444,28.42888889,-81.31602778
64,DL,LGA,MSP,40.77724306,-73.87260917,44.88054694,-93.2169225
65,OO,IAH,SLC,29.98047222,-95.33972222,40.78838778,-111.9777731
66,UA,MCO,DEN,28.42888889,-81.31602778,39.85840806,-104.6670019
67,DL,JFK,LAX,40.63975111,-73.77892556,33.94253611,-118.4080744
68,OO,MSP,MDW,44.88054694,-93.2169225,41.7859825,-87.75242444
69,UA,ORD,DEN,41.979595,-87.90446417,39.85840806,-104.6670019
70,UA,EWR,BOS,40.69249722,-74.16866056,42.3643475,-71.00517917
71,UA,SFO,BOS,37.61900194,-122.3748433,42.3643475,-71.00517917
72,UA,ORD,PHL,41.979595,-87.90446417,39.87195278,-75.24114083
73,UA,DEN,EWR,39.85840806,-104.6670019,40.69249722,-74.16866056
74,UA,IAH,SFO,29.98047222,-95.33972222,37.61900194,-122.3748433
75,UA,IAH,TPA,29.98047222,-95.33972222,27.97547222,-82.53325
76,UA,LAX,IAH,33.94253611,-118.4080744,29.98047222,-95.33972222
77,UA,SEA,IAH,47.44898194,-122.3093131,29.98047222,-95.33972222
78,UA,BOS,ORD,42.3643475,-71.00517917,41.979595,-87.90446417
79,AA,MCO,DFW,28.42888889,-81.31602778,32.89595056,-97.0372
80,UA,ORD,LAX,41.979595,-87.90446417,33.94253611,-118.4080744
81,AA,IAD,DFW,38.94453194,-77.45580972,32.89595056,-97.0372
82,AA,MCO,MIA,28.42888889,-81.31602778,25.79325,-80.29055556
83,AA,DFW,DTW,32.89595056,-97.0372,42.21205889,-83.34883583
84,AS,SEA,SFO,47.44898194,-122.3093131,37.61900194,-122.3748433
85,UA,PHX,SFO,33.43416667,-112.0080556,37.61900194,-122.3748433
86,AA,LAX,CLT,33.94253611,-118.4080744,35.21401111,-80.94312583
87,DL,DTW,MSP,42.21205889,-83.34883583,44.88054694,-93.2169225
88,AA,LGA,BOS,40.77724306,-73.87260917,42.3643475,-71.00517917
89,OO,EWR,MSP,40.69249722,-74.16866056,44.88054694,-93.2169225
90,AA,DFW,ORD,32.89595056,-97.0372,41.979595,-87.90446417
91,AA,DEN,PHX,39.85840806,-104.6670019,33.43416667,-112.0080556
92,DL,SEA,SLC,47.44898194,-122.3093131,40.78838778,-111.9777731
93,DL,DTW,BWI,42.21205889,-83.34883583,39.17540167,-76.66819833
94,DL,ATL,ORD,33.64044444,-84.42694444,41.979595,-87.90446417
95,AA,BWI,ORD,39.17540167,-76.66819833,41.979595,-87.90446417
96,DL,SLC,JFK,40.78838778,-111.9777731,40.63975111,-73.77892556
97,DL,SLC,BOS,40.78838778,-111.9777731,42.3643475,-71.00517917
98,AA,DFW,SFO,32.89595056,-97.0372,37.61900194,-122.3748433
99,UA,ORD,DCA,41.979595,-87.90446417,38.85208333,-77.03772222
100,DL,MIA,JFK,25.79325,-80.29055556,40.63975111,-73.77892556
101,OO,DTW,IAD,42.21205889,-83.34883583,38.94453194,-77.45580972
102,AA,DFW,PHX,32.89595056,-97.0372,33.43416667,-112.0080556
103,AA,DFW,TPA,32.89595056,-97.0372,27.97547222,-82.53325
104,DL,LGA,MIA,40.77724306,-73.87260917,25.79325,-80.29055556
105,WN,LAX,TPA,33.94253611,-118.4080744,27.97547222,-82.53325
106,AA,SAN,DFW,32.73355611,-117.1896567,32.89595056,-97.0372
107,AA,PHX,EWR,33.43416667,-112.0080556,40.69249722,-74.16866056
108,AA,PHX,PHL,33.43416667,-112.0080556,39.87195278,-75.24114083
109,DL,LAS,DTW,36.08036111,-115.1523333,42.21205889,-83.34883583
110,DL,PDX,SLC,45.58872222,-122.5975,40.78838778,-111.9777731
111,AS,SEA,SAN,47.44898194,-122.3093131,32.73355611,-117.1896567
112,DL,SAN,MSP,32.73355611,-117.1896567,44.88054694,-93.2169225
113,DL,DTW,PDX,42.21205889,-83.34883583,45.58872222,-122.5975
114,AA,CLT,DCA,35.21401111,-80.94312583,38.85208333,-77.03772222
115,AA,PHX,CLT,33.43416667,-112.0080556,35.21401111,-80.94312583
116,AA,JFK,PHX,40.63975111,-73.77892556,33.43416667,-112.0080556
117,OO,SLC,SFO,40.78838778,-111.9777731,37.61900194,-122.3748433
118,UA,SFO,PDX,37.61900194,-122.3748433,45.58872222,-122.5975
119,AA,CLT,LGA,35.21401111,-80.94312583,40.77724306,-73.87260917
120,DL,SFO,JFK,37.61900194,-122.3748433,40.63975111,-73.77892556
121,AS,SEA,DEN,47.44898194,-122.3093131,39.85840806,-104.6670019
122,AA,ORD,EWR,41.979595,-87.90446417,40.69249722,-74.16866056
123,DL,FLL,ATL,26.07258333,-80.15275,33.64044444,-84.42694444
124,DL,DTW,DFW,42.21205889,-83.34883583,32.89595056,-97.0372
125,AA,DFW,FLL,32.89595056,-97.0372,26.07258333,-80.15275
126,AA,ORD,LGA,41.979595,-87.90446417,40.77724306,-73.87260917
127,AA,PHL,DCA,39.87195278,-75.24114083,38.85208333,-77.03772222
128,DL,MSP,DCA,44.88054694,-93.2169225,38.85208333,-77.03772222
129,B6,BOS,PHL,42.3643475,-71.00517917,39.87195278,-75.24114083
130,AA,CLT,MCO,35.21401111,-80.94312583,28.42888889,-81.31602778
131,UA,SEA,EWR,47.44898194,-122.3093131,40.69249722,-74.16866056
132,DL,DEN,ATL,39.85840806,-104.6670019,33.64044444,-84.42694444
133,DL,SEA,ORD,47.44898194,-122.3093131,41.979595,-87.90446417
134,DL,BOS,ATL,42.3643475,-71.00517917,33.64044444,-84.42694444
135,OO,PDX,SLC,45.58872222,-122.5975,40.78838778,-111.9777731
136,DL,ORD,LGA,41.979595,-87.90446417,40.77724306,-73.87260917
137,AA,PHL,TPA,39.87195278,-75.24114083,27.97547222,-82.53325
138,AA,ATL,CLT,33.64044444,-84.42694444,35.21401111,-80.94312583
139,AA,CLT,BOS,35.21401111,-80.94312583,42.3643475,-71.00517917
140,AA,PHX,LAX,33.43416667,-112.0080556,33.94253611,-118.4080744
141,DL,DTW,LGA,42.21205889,-83.34883583,40.77724306,-73.87260917
142,AA,MIA,LGA,25.79325,-80.29055556,40.77724306,-73.87260917
143,DL,ATL,LGA,33.64044444,-84.42694444,40.77724306,-73.87260917
144,UA,ORD,ATL,41.979595,-87.90446417,33.64044444,-84.42694444
145,DL,BWI,ATL,39.17540167,-76.66819833,33.64044444,-84.42694444
146,DL,SEA,SFO,47.44898194,-122.3093131,37.61900194,-122.3748433
147,AA,DCA,DFW,38.85208333,-77.03772222,32.89595056,-97.0372
148,DL,DEN,LAX,39.85840806,-104.6670019,33.94253611,-118.4080744
149,DL,BOS,JFK,42.3643475,-71.00517917,40.63975111,-73.77892556
150,DL,SEA,JFK,47.44898194,-122.3093131,40.63975111,-73.77892556
151,UA,DFW,DEN,32.89595056,-97.0372,39.85840806,-104.6670019
152,AA,ORD,PHL,41.979595,-87.90446417,39.87195278,-75.24114083
153,AS,SEA,PHX,47.44898194,-122.3093131,33.43416667,-112.0080556
154,UA,SFO,DEN,37.61900194,-122.3748433,39.85840806,-104.6670019
155,AA,JFK,MIA,40.63975111,-73.77892556,25.79325,-80.29055556
156,DL,ATL,CLT,33.64044444,-84.42694444,35.21401111,-80.94312583
157,DL,SLC,SAN,40.78838778,-111.9777731,32.73355611,-117.1896567
158,UA,ORD,DFW,41.979595,-87.90446417,32.89595056,-97.0372
159,AA,PHX,BWI,33.43416667,-112.0080556,39.17540167,-76.66819833
160,AA,CLT,MSP,35.21401111,-80.94312583,44.88054694,-93.2169225
161,DL,MSP,ATL,44.88054694,-93.2169225,33.64044444,-84.42694444
162,DL,DTW,SEA,42.21205889,-83.34883583,47.44898194,-122.3093131
163,DL,JFK,MCO,40.63975111,-73.77892556,28.42888889,-81.31602778
164,DL,PHL,MSP,39.87195278,-75.24114083,44.88054694,-93.2169225
165,DL,SLC,LAX,40.78838778,-111.9777731,33.94253611,-118.4080744
166,AA,BOS,PHL,42.3643475,-71.00517917,39.87195278,-75.24114083
167,AS,SEA,ORD,47.44898194,-122.3093131,41.979595,-87.90446417
168,UA,DEN,LGA,39.85840806,-104.6670019,40.77724306,-73.87260917
169,DL,MSP,MCO,44.88054694,-93.2169225,28.42888889,-81.31602778
170,DL,ATL,IAH,33.64044444,-84.42694444,29.98047222,-95.33972222
171,AA,DFW,BOS,32.89595056,-97.0372,42.3643475,-71.00517917
172,AA,DFW,SEA,32.89595056,-97.0372,47.44898194,-122.3093131
173,UA,SFO,LAX,37.61900194,-122.3748433,33.94253611,-118.4080744
174,DL,SAN,ATL,32.73355611,-117.1896567,33.64044444,-84.42694444
175,OO,SLC,DEN,40.78838778,-111.9777731,39.85840806,-104.6670019
176,OO,ORD,SLC,41.979595,-87.90446417,40.78838778,-111.9777731
177,DL,DTW,PHX,42.21205889,-83.34883583,33.43416667,-112.0080556
178,AA,LAS,ORD,36.08036111,-115.1523333,41.979595,-87.90446417
179,UA,IAH,EWR,29.98047222,-95.33972222,40.69249722,-74.16866056
180,UA,DEN,BWI,39.85840806,-104.6670019,39.17540167,-76.66819833
181,DL,DTW,MCO,42.21205889,-83.34883583,28.42888889,-81.31602778
182,AS,SEA,MSP,47.44898194,-122.3093131,44.88054694,-93.2169225
183,DL,MSP,BWI,44.88054694,-93.2169225,39.17540167,-76.66819833
184,AA,LAX,PHL,33.94253611,-118.4080744,39.87195278,-75.24114083
185,DL,CLT,SLC,35.21401111,-80.94312583,40.78838778,-111.9777731
186,AA,SLC,CLT,40.78838778,-111.9777731,35.21401111,-80.94312583
187,DL,ATL,PHL,33.64044444,-84.42694444,39.87195278,-75.24114083
188,UA,LGA,IAH,40.77724306,-73.87260917,29.98047222,-95.33972222
189,AA,ORD,SAN,41.979595,-87.90446417,32.73355611,-117.1896567
190,DL,SAN,DTW,32.73355611,-117.1896567,42.21205889,-83.34883583
191,AA,ORD,CLT,41.979595,-87.90446417,35.21401111,-80.94312583
192,AA,LAS,PHX,36.08036111,-115.1523333,33.43416667,-112.0080556
193,AA,SEA,PHX,47.44898194,-122.3093131,33.43416667,-112.0080556
194,UA,SEA,IAD,47.44898194,-122.3093131,38.94453194,-77.45580972
195,AS,SEA,SLC,47.44898194,-122.3093131,40.78838778,-111.9777731
196,AA,LGA,ATL,40.77724306,-73.87260917,33.64044444,-84.42694444
197,DL,MSP,PDX,44.88054694,-93.2169225,45.58872222,-122.5975
198,DL,SLC,IAD,40.78838778,-111.9777731,38.94453194,-77.45580972
199,DL,DTW,PHL,42.21205889,-83.34883583,39.87195278,-75.24114083
200,AA,BWI,DFW,39.17540167,-76.66819833,32.89595056,-97.0372
201,B6,LAS,BOS,36.08036111,-115.1523333,42.3643475,-71.00517917
202,UA,IAD,PDX,38.94453194,-77.45580972,45.58872222,-122.5975
203,AS,SEA,IAH,47.44898194,-122.3093131,29.98047222,-95.33972222
204,DL,SEA,MSP,47.44898194,-122.3093131,44.88054694,-93.2169225
205,AA,LAX,DCA,33.94253611,-118.4080744,38.85208333,-77.03772222
206,AA,MIA,SFO,25.79325,-80.29055556,37.61900194,-122.3748433
207,DL,MSP,BOS,44.88054694,-93.2169225,42.3643475,-71.00517917
208,DL,SFO,MSP,37.61900194,-122.3748433,44.88054694,-93.2169225
209,DL,DEN,SEA,39.85840806,-104.6670019,47.44898194,-122.3093131
210,AA,SAN,MIA,32.73355611,-117.1896567,25.79325,-80.29055556
211,AA,ATL,LAX,33.64044444,-84.42694444,33.94253611,-118.4080744
212,DL,ATL,LAX,33.64044444,-84.42694444,33.94253611,-118.4080744
213,UA,EWR,PDX,40.69249722,-74.16866056,45.58872222,-122.5975
214,UA,IAH,IAD,29.98047222,-95.33972222,38.94453194,-77.45580972
215,UA,DEN,FLL,39.85840806,-104.6670019,26.07258333,-80.15275
216,AS,PDX,SAN,45.58872222,-122.5975,32.73355611,-117.1896567
217,UA,ORD,EWR,41.979595,-87.90446417,40.69249722,-74.16866056
218,DL,MCO,LAX,28.42888889,-81.31602778,33.94253611,-118.4080744
219,DL,SLC,ORD,40.78838778,-111.9777731,41.979595,-87.90446417
220,OO,MSP,IAH,44.88054694,-93.2169225,29.98047222,-95.33972222
221,UA,IAH,PHX,29.98047222,-95.33972222,33.43416667,-112.0080556
222,B6,MCO,SLC,28.42888889,-81.31602778,40.78838778,-111.9777731
223,MQ,ORD,MSP,41.979595,-87.90446417,44.88054694,-93.2169225
224,DL,DTW,FLL,42.21205889,-83.34883583,26.07258333,-80.15275
225,AA,PHL,DFW,39.87195278,-75.24114083,32.89595056,-97.0372
226,AA,ORD,SLC,41.979595,-87.90446417,40.78838778,-111.9777731
227,MQ,DFW,CLT,32.89595056,-97.0372,35.21401111,-80.94312583
228,DL,ATL,DFW,33.64044444,-84.42694444,32.89595056,-97.0372
229,WN,TPA,MDW,27.97547222,-82.53325,41.7859825,-87.75242444
230,B6,LAX,JFK,33.94253611,-118.4080744,40.63975111,-73.77892556
231,DL,MSP,DEN,44.88054694,-93.2169225,39.85840806,-104.6670019
232,AA,PHL,DEN,39.87195278,-75.24114083,39.85840806,-104.6670019
233,AA,PHX,MSP,33.43416667,-112.0080556,44.88054694,-93.2169225
234,AA,CLT,IAH,35.21401111,-80.94312583,29.98047222,-95.33972222
235,DL,SLC,DEN,40.78838778,-111.9777731,39.85840806,-104.6670019
236,AA,PHX,SAN,33.43416667,-112.0080556,32.73355611,-117.1896567
237,DL,SLC,IAH,40.78838778,-111.9777731,29.98047222,-95.33972222
238,DL,DTW,ATL,42.21205889,-83.34883583,33.64044444,-84.42694444
239,DL,SLC,BWI,40.78838778,-111.9777731,39.17540167,-76.66819833
240,OO,MSP,IAD,44.88054694,-93.2169225,38.94453194,-77.45580972
241,AA,PHX,BOS,33.43416667,-112.0080556,42.3643475,-71.00517917
242,DL,LGA,FLL,40.77724306,-73.87260917,26.07258333,-80.15275
243,DL,MSP,ORD,44.88054694,-93.2169225,41.979595,-87.90446417
244,AS,SAN,MSP,32.73355611,-117.1896567,44.88054694,-93.2169225
245,DL,BOS,SFO,42.3643475,-71.00517917,37.61900194,-122.3748433
246,AS,SFO,EWR,37.61900194,-122.3748433,40.69249722,-74.16866056
247,AA,CLT,TPA,35.21401111,-80.94312583,27.97547222,-82.53325
248,AA,CLT,FLL,35.21401111,-80.94312583,26.07258333,-80.15275
249,UA,IAH,SAN,29.98047222,-95.33972222,32.73355611,-117.1896567
250,AA,LAX,MCO,33.94253611,-118.4080744,28.42888889,-81.31602778
251,AS,PDX,SLC,45.58872222,-122.5975,40.78838778,-111.9777731
252,AA,MIA,SEA,25.79325,-80.29055556,47.44898194,-122.3093131
253,DL,JFK,MSP,40.63975111,-73.77892556,44.88054694,-93.2169225
254,OO,LAX,SLC,33.94253611,-118.4080744,40.78838778,-111.9777731
255,AS,SEA,PDX,47.44898194,-122.3093131,45.58872222,-122.5975
256,AA,DFW,PDX,32.89595056,-97.0372,45.58872222,-122.5975
257,AS,SFO,LAS,37.61900194,-122.3748433,36.08036111,-115.1523333
258,UA,DEN,PHX,39.85840806,-104.6670019,33.43416667,-112.0080556
259,AA,LGA,PHL,40.77724306,-73.87260917,39.87195278,-75.24114083
260,AA,DFW,MSP,32.89595056,-97.0372,44.88054694,-93.2169225
261,AS,PDX,PHX,45.58872222,-122.5975,33.43416667,-112.0080556
262,DL,DTW,BOS,42.21205889,-83.34883583,42.3643475,-71.00517917
263,DL,SLC,SFO,40.78838778,-111.9777731,37.61900194,-122.3748433
264,AA,CLT,SEA,35.21401111,-80.94312583,47.44898194,-122.3093131
265,WN,ATL,TPA,33.64044444,-84.42694444,27.97547222,-82.53325
266,AA,PHX,PDX,33.43416667,-112.0080556,45.58872222,-122.5975
267,OO,ORD,DTW,41.979595,-87.90446417,42.21205889,-83.34883583
268,WN,DEN,SEA,39.85840806,-104.6670019,47.44898194,-122.3093131
269,UA,DEN,LAX,39.85840806,-104.6670019,33.94253611,-118.4080744
270,AS,SEA,LAX,47.44898194,-122.3093131,33.94253611,-118.4080744
271,AA,LAX,SFO,33.94253611,-118.4080744,37.61900194,-122.3748433
272,UA,DEN,PDX,39.85840806,-104.6670019,45.58872222,-122.5975
273,DL,PDX,JFK,45.58872222,-122.5975,40.63975111,-73.77892556
274,OO,DTW,MDW,42.21205889,-83.34883583,41.7859825,-87.75242444
275,AA,ORD,PDX,41.979595,-87.90446417,45.58872222,-122.5975
276,DL,ATL,IAD,33.64044444,-84.42694444,38.94453194,-77.45580972
277,DL,EWR,MSP,40.69249722,-74.16866056,44.88054694,-93.2169225
278,UA,IAH,DCA,29.98047222,-95.33972222,38.85208333,-77.03772222
279,AA,DFW,LGA,32.89595056,-97.0372,40.77724306,-73.87260917
280,AA,ORD,MCO,41.979595,-87.90446417,28.42888889,-81.31602778
281,AA,DCA,BOS,38.85208333,-77.03772222,42.3643475,-71.00517917
282,AA,PHX,DCA,33.43416667,-112.0080556,38.85208333,-77.03772222
283,WN,LAS,SAN,36.08036111,-115.1523333,32.73355611,-117.1896567
284,DL,SLC,FLL,40.78838778,-111.9777731,26.07258333,-80.15275
285,AA,ORD,DTW,41.979595,-87.90446417,42.21205889,-83.34883583
286,AS,SEA,ATL,47.44898194,-122.3093131,33.64044444,-84.42694444
287,AA,MIA,DFW,25.79325,-80.29055556,32.89595056,-97.0372
288,DL,JFK,PHX,40.63975111,-73.77892556,33.43416667,-112.0080556
289,DL,LAX,DFW,33.94253611,-118.4080744,32.89595056,-97.0372
290,AS,SEA,BWI,47.44898194,-122.3093131,39.17540167,-76.66819833
291,AA,PHL,MIA,39.87195278,-75.24114083,25.79325,-80.29055556
292,UA,IAH,FLL,29.98047222,-95.33972222,26.07258333,-80.15275
293,WN,FLL,LAX,26.07258333,-80.15275,33.94253611,-118.4080744
294,UA,IAH,BWI,29.98047222,-95.33972222,39.17540167,-76.66819833
295,AS,SEA,DTW,47.44898194,-122.3093131,42.21205889,-83.34883583
296,OO,SLC,SEA,40.78838778,-111.9777731,47.44898194,-122.3093131
297,DL,SEA,IAD,47.44898194,-122.3093131,38.94453194,-77.45580972
298,UA,ORD,CLT,41.979595,-87.90446417,35.21401111,-80.94312583
299,UA,IAD,ATL,38.94453194,-77.45580972,33.64044444,-84.42694444
300,UA,SFO,ATL,37.61900194,-122.3748433,33.64044444,-84.42694444
301,UA,IAH,BOS,29.98047222,-95.33972222,42.3643475,-71.00517917
302,UA,EWR,CLT,40.69249722,-74.16866056,35.21401111,-80.94312583
303,UA,LAX,EWR,33.94253611,-118.4080744,40.69249722,-74.16866056
304,UA,DEN,DCA,39.85840806,-104.6670019,38.85208333,-77.03772222
305,UA,SFO,LAS,37.61900194,-122.3748433,36.08036111,-115.1523333
306,EV,ORD,MSP,41.979595,-87.90446417,44.88054694,-93.2169225
307,UA,ORD,MSP,41.979595,-87.90446417,44.88054694,-93.2169225
308,UA,SFO,PHL,37.61900194,-122.3748433,39.87195278,-75.24114083
309,UA,ORD,TPA,41.979595,-87.90446417,27.97547222,-82.53325
310,OO,DEN,CLT,39.85840806,-104.6670019,35.21401111,-80.94312583
311,B6,FLL,PHX,26.07258333,-80.15275,33.43416667,-112.0080556
312,AA,DFW,JFK,32.89595056,-97.0372,40.63975111,-73.77892556
313,AA,PHX,SLC,33.43416667,-112.0080556,40.78838778,-111.9777731
314,WN,LAS,LAX,36.08036111,-115.1523333,33.94253611,-118.4080744
315,DL,SLC,EWR,40.78838778,-111.9777731,40.69249722,-74.16866056
316,AA,CLT,LAS,35.21401111,-80.94312583,36.08036111,-115.1523333
317,DL,LAX,BOS,33.94253611,-118.4080744,42.3643475,-71.00517917
318,AA,LAS,MIA,36.08036111,-115.1523333,25.79325,-80.29055556
319,AA,DFW,DEN,32.89595056,-97.0372,39.85840806,-104.6670019
320,UA,EWR,FLL,40.69249722,-74.16866056,26.07258333,-80.15275
321,UA,IAH,PDX,29.98047222,-95.33972222,45.58872222,-122.5975
322,UA,DEN,BOS,39.85840806,-104.6670019,42.3643475,-71.00517917
323,OO,IAH,ATL,29.98047222,-95.33972222,33.64044444,-84.42694444
324,AA,LAX,ORD,33.94253611,-118.4080744,41.979595,-87.90446417
325,AA,CLT,SAN,35.21401111,-80.94312583,32.73355611,-117.1896567
326,DL,DTW,ORD,42.21205889,-83.34883583,41.979595,-87.90446417
327,AA,CLT,SFO,35.21401111,-80.94312583,37.61900194,-122.3748433
328,DL,ATL,DAL,33.64044444,-84.42694444,32.84711389,-96.85177222
329,AS,SAN,BWI,32.73355611,-117.1896567,39.17540167,-76.66819833
330,WN,BWI,LAX,39.17540167,-76.66819833,33.94253611,-118.4080744
331,AS,SEA,JFK,47.44898194,-122.3093131,40.63975111,-73.77892556
332,AA,PHX,TPA,33.43416667,-112.0080556,27.97547222,-82.53325
333,AS,SEA,FLL,47.44898194,-122.3093131,26.07258333,-80.15275
334,AS,PDX,LAX,45.58872222,-122.5975,33.94253611,-118.4080744
335,AA,PHX,ATL,33.43416667,-112.0080556,33.64044444,-84.42694444
336,UA,ORD,PDX,41.979595,-87.90446417,45.58872222,-122.5975
337,UA,IAD,FLL,38.94453194,-77.45580972,26.07258333,-80.15275
338,AA,LAX,BOS,33.94253611,-118.4080744,42.3643475,-71.00517917
339,AA,ORD,SEA,41.979595,-87.90446417,47.44898194,-122.3093131
340,OO,SAN,SLC,32.73355611,-117.1896567,40.78838778,-111.9777731
341,DL,SLC,MCO,40.78838778,-111.9777731,28.42888889,-81.31602778
342,AA,PHL,SAN,39.87195278,-75.24114083,32.73355611,-117.1896567
343,UA,FLL,SFO,26.07258333,-80.15275,37.61900194,-122.3748433
344,AA,DFW,EWR,32.89595056,-97.0372,40.69249722,-74.16866056
345,AA,PHL,LAS,39.87195278,-75.24114083,36.08036111,-115.1523333
346,UA,EWR,TPA,40.69249722,-74.16866056,27.97547222,-82.53325
347,DL,JFK,SAN,40.63975111,-73.77892556,32.73355611,-117.1896567
348,WN,MDW,SAN,41.7859825,-87.75242444,32.73355611,-117.1896567
349,MQ,DFW,IAH,32.89595056,-97.0372,29.98047222,-95.33972222
350,DL,LAX,LAS,33.94253611,-118.4080744,36.08036111,-115.1523333
351,DL,MSP,TPA,44.88054694,-93.2169225,27.97547222,-82.53325
352,AS,SEA,DFW,47.44898194,-122.3093131,32.89595056,-97.0372
353,UA,DEN,SEA,39.85840806,-104.6670019,47.44898194,-122.3093131
354,UA,ORD,DTW,41.979595,-87.90446417,42.21205889,-83.34883583
355,DL,LAX,DCA,33.94253611,-118.4080744,38.85208333,-77.03772222
356,B6,JFK,SFO,40.63975111,-73.77892556,37.61900194,-122.3748433
357,DL,SEA,MCO,47.44898194,-122.3093131,28.42888889,-81.31602778
358,AS,SEA,LAS,47.44898194,-122.3093131,36.08036111,-115.1523333
359,AA,PHX,ORD,33.43416667,-112.0080556,41.979595,-87.90446417
360,AA,MIA,TPA,25.79325,-80.29055556,27.97547222,-82.53325
361,AA,MCO,DCA,28.42888889,-81.31602778,38.85208333,-77.03772222
362,AS,LAX,SFO,33.94253611,-118.4080744,37.61900194,-122.3748433
363,DL,ATL,JFK,33.64044444,-84.42694444,40.63975111,-73.77892556
364,AS,SEA,BOS,47.44898194,-122.3093131,42.3643475,-71.00517917
365,UA,DEN,TPA,39.85840806,-104.6670019,27.97547222,-82.53325
366,UA,ORD,IAH,41.979595,-87.90446417,29.98047222,-95.33972222
367,DL,FLL,MSP,26.07258333,-80.15275,44.88054694,-93.2169225
368,AA,JFK,LAX,40.63975111,-73.77892556,33.94253611,-118.4080744
369,AS,SEA,IAD,47.44898194,-122.3093131,38.94453194,-77.45580972
370,AA,BOS,JFK,42.3643475,-71.00517917,40.63975111,-73.77892556
371,B6,DCA,FLL,38.85208333,-77.03772222,26.07258333,-80.15275
372,UA,ORD,MCO,41.979595,-87.90446417,28.42888889,-81.31602778
373,AA,MIA,LAX,25.79325,-80.29055556,33.94253611,-118.4080744
374,UA,IAD,SAN,38.94453194,-77.45580972,32.73355611,-117.1896567
375,AA,ORD,ATL,41.979595,-87.90446417,33.64044444,-84.42694444
376,AA,ATL,DFW,33.64044444,-84.42694444,32.89595056,-97.0372
377,DL,MSP,MIA,44.88054694,-93.2169225,25.79325,-80.29055556
378,OO,PHX,IAH,33.43416667,-112.0080556,29.98047222,-95.33972222
379,UA,LAX,BWI,33.94253611,-118.4080744,39.17540167,-76.66819833
380,AA,JFK,SFO,40.63975111,-73.77892556,37.61900194,-122.3748433
381,UA,SFO,MCO,37.61900194,-122.3748433,28.42888889,-81.31602778
382,UA,SFO,SAN,37.61900194,-122.3748433,32.73355611,-117.1896567
383,B6,JFK,SLC,40.63975111,-73.77892556,40.78838778,-111.9777731
384,AS,PDX,PHL,45.58872222,-122.5975,39.87195278,-75.24114083
385,B6,SFO,BOS,37.61900194,-122.3748433,42.3643475,-71.00517917
386,AA,ORD,MSP,41.979595,-87.90446417,44.88054694,-93.2169225
387,AA,PHL,SFO,39.87195278,-75.24114083,37.61900194,-122.3748433
388,AA,PHX,MIA,33.43416667,-112.0080556,25.79325,-80.29055556
389,OO,DTW,PHL,42.21205889,-83.34883583,39.87195278,-75.24114083
390,DL,SLC,PHL,40.78838778,-111.9777731,39.87195278,-75.24114083
391,DL,ATL,LAS,33.64044444,-84.42694444,36.08036111,-115.1523333
392,DL,TPA,SLC,27.97547222,-82.53325,40.78838778,-111.9777731
393,WN,MDW,PHX,41.7859825,-87.75242444,33.43416667,-112.0080556
394,UA,IAH,MCO,29.98047222,-95.33972222,28.42888889,-81.31602778
395,UA,DEN,PHL,39.85840806,-104.6670019,39.87195278,-75.24114083
396,UA,ORD,PHX,41.979595,-87.90446417,33.43416667,-112.0080556
397,AS,SEA,DAL,47.44898194,-122.3093131,32.84711389,-96.85177222
398,DL,MSP,DFW,44.88054694,-93.2169225,32.89595056,-97.0372
399,UA,DCA,SFO,38.85208333,-77.03772222,37.61900194,-122.3748433
400,UA,ORD,IAD,41.979595,-87.90446417,38.94453194,-77.45580972
401,DL,MDW,ATL,41.7859825,-87.75242444,33.64044444,-84.42694444
402,DL,SEA,SAN,47.44898194,-122.3093131,32.73355611,-117.1896567
403,AS,SEA,MCO,47.44898194,-122.3093131,28.42888889,-81.31602778
404,AA,MIA,BOS,25.79325,-80.29055556,42.3643475,-71.00517917
405,WN,MDW,DEN,41.7859825,-87.75242444,39.85840806,-104.6670019
406,AA,PHX,IAH,33.43416667,-112.0080556,29.98047222,-95.33972222
407,DL,IAH,LGA,29.98047222,-95.33972222,40.77724306,-73.87260917
408,DL,DTW,CLT,42.21205889,-83.34883583,35.21401111,-80.94312583
409,UA,DEN,SAN,39.85840806,-104.6670019,32.73355611,-117.1896567
410,AS,PDX,BWI,45.58872222,-122.5975,39.17540167,-76.66819833
411,WN,MDW,BWI,41.7859825,-87.75242444,39.17540167,-76.66819833
412,UA,LAS,ORD,36.08036111,-115.1523333,41.979595,-87.90446417
413,OO,ATL,ORD,33.64044444,-84.42694444,41.979595,-87.90446417
414,UA,IAD,EWR,38.94453194,-77.45580972,40.69249722,-74.16866056
415,AS,LAS,PDX,36.08036111,-115.1523333,45.58872222,-122.5975
416,DL,PHX,SEA,33.43416667,-112.0080556,47.44898194,-122.3093131
417,WN,SFO,LAX,37.61900194,-122.3748433,33.94253611,-118.4080744
418,AA,PDX,PHL,45.58872222,-122.5975,39.87195278,-75.24114083
419,UA,IAD,DFW,38.94453194,-77.45580972,32.89595056,-97.0372
420,AS,EWR,SEA,40.69249722,-74.16866056,47.44898194,-122.3093131
421,DL,BOS,LGA,42.3643475,-71.00517917,40.77724306,-73.87260917
422,UA,DFW,IAH,32.89595056,-97.0372,29.98047222,-95.33972222
423,AA,SEA,PHL,47.44898194,-122.3093131,39.87195278,-75.24114083
424,OO,MSP,DFW,44.88054694,-93.2169225,32.89595056,-97.0372
425,AS,TPA,SEA,27.97547222,-82.53325,47.44898194,-122.3093131
426,UA,DFW,SFO,32.89595056,-97.0372,37.61900194,-122.3748433
427,AS,PDX,ORD,45.58872222,-122.5975,41.979595,-87.90446417
428,DL,MIA,DTW,25.79325,-80.29055556,42.21205889,-83.34883583
429,OO,LAS,LAX,36.08036111,-115.1523333,33.94253611,-118.4080744
430,DL,MCO,LGA,28.42888889,-81.31602778,40.77724306,-73.87260917
431,AA,MIA,ORD,25.79325,-80.29055556,41.979595,-87.90446417
432,DL,LAX,SAN,33.94253611,-118.4080744,32.73355611,-117.1896567
433,UA,SAN,LAX,32.73355611,-117.1896567,33.94253611,-118.4080744
434,DL,DEN,DTW,39.85840806,-104.6670019,42.21205889,-83.34883583
435,AA,MCO,PHX,28.42888889,-81.31602778,33.43416667,-112.0080556
436,UA,DEN,IAD,39.85840806,-104.6670019,38.94453194,-77.45580972
437,OO,LAX,PHX,33.94253611,-118.4080744,33.43416667,-112.0080556
438,WN,LAS,SFO,36.08036111,-115.1523333,37.61900194,-122.3748433
439,B6,FLL,ORD,26.07258333,-80.15275,41.979595,-87.90446417
440,B6,JFK,BOS,40.63975111,-73.77892556,42.3643475,-71.00517917
441,AA,ATL,DCA,33.64044444,-84.42694444,38.85208333,-77.03772222
442,OO,ORD,DCA,41.979595,-87.90446417,38.85208333,-77.03772222
443,AA,ORD,BOS,41.979595,-87.90446417,42.3643475,-71.00517917
444,AA,ORD,JFK,41.979595,-87.90446417,40.63975111,-73.77892556
445,DL,DEN,LGA,39.85840806,-104.6670019,40.77724306,-73.87260917
446,MQ,IAH,ORD,29.98047222,-95.33972222,41.979595,-87.90446417
447,AS,PDX,BOS,45.58872222,-122.5975,42.3643475,-71.00517917
448,UA,PHX,LAX,33.43416667,-112.0080556,33.94253611,-118.4080744
449,WN,MDW,BOS,41.7859825,-87.75242444,42.3643475,-71.00517917
450,AA,MIA,BWI,25.79325,-80.29055556,39.17540167,-76.66819833
451,AS,PDX,DFW,45.58872222,-122.5975,32.89595056,-97.0372
452,AA,MIA,DEN,25.79325,-80.29055556,39.85840806,-104.6670019
453,WN,DEN,PHX,39.85840806,-104.6670019,33.43416667,-112.0080556
454,AA,CLT,PDX,35.21401111,-80.94312583,45.58872222,-122.5975
455,DL,BOS,TPA,42.3643475,-71.00517917,27.97547222,-82.53325
456,AS,SEA,PHL,47.44898194,-122.3093131,39.87195278,-75.24114083
457,UA,LAX,MCO,33.94253611,-118.4080744,28.42888889,-81.31602778
458,UA,SFO,TPA,37.61900194,-122.3748433,27.97547222,-82.53325
459,WN,ATL,LAX,33.64044444,-84.42694444,33.94253611,-118.4080744
460,WN,PHX,TPA,33.43416667,-112.0080556,27.97547222,-82.53325
461,AS,SAN,MCO,32.73355611,-117.1896567,28.42888889,-81.31602778
462,OO,DTW,IAH,42.21205889,-83.34883583,29.98047222,-95.33972222
463,UA,ORD,SLC,41.979595,-87.90446417,40.78838778,-111.9777731
464,AA,PHL,ATL,39.87195278,-75.24114083,33.64044444,-84.42694444
465,WN,MDW,CLT,41.7859825,-87.75242444,35.21401111,-80.94312583
466,WN,MCO,SFO,28.42888889,-81.31602778,37.61900194,-122.3748433
467,AA,LAX,IAD,33.94253611,-118.4080744,38.94453194,-77.45580972
468,AA,PHX,DTW,33.43416667,-112.0080556,42.21205889,-83.34883583
469,AS,PDX,JFK,45.58872222,-122.5975,40.63975111,-73.77892556
470,UA,EWR,SLC,40.69249722,-74.16866056,40.78838778,-111.9777731
471,WN,MDW,SFO,41.7859825,-87.75242444,37.61900194,-122.3748433
472,AA,ORD,TPA,41.979595,-87.90446417,27.97547222,-82.53325
473,WN,PHX,DCA,33.43416667,-112.0080556,38.85208333,-77.03772222
474,DL,LAS,JFK,36.08036111,-115.1523333,40.63975111,-73.77892556
475,OO,ORD,LGA,41.979595,-87.90446417,40.77724306,-73.87260917
476,UA,DTW,SFO,42.21205889,-83.34883583,37.61900194,-122.3748433
477,UA,MIA,EWR,25.79325,-80.29055556,40.69249722,-74.16866056
478,UA,IAD,MCO,38.94453194,-77.45580972,28.42888889,-81.31602778
479,AA,LAX,IAH,33.94253611,-118.4080744,29.98047222,-95.33972222
480,AA,IAH,ORD,29.98047222,-95.33972222,41.979595,-87.90446417
481,DL,TPA,LAX,27.97547222,-82.53325,33.94253611,-118.4080744
482,OO,ORD,CLT,41.979595,-87.90446417,35.21401111,-80.94312583
483,OO,SEA,PDX,47.44898194,-122.3093131,45.58872222,-122.5975
484,WN,ATL,DEN,33.64044444,-84.42694444,39.85840806,-104.6670019
485,UA,TPA,IAD,27.97547222,-82.53325,38.94453194,-77.45580972
486,AS,DFW,IAH,32.89595056,-97.0372,29.98047222,-95.33972222
487,OO,CLT,IAH,35.21401111,-80.94312583,29.98047222,-95.33972222
488,OO,PDX,DAL,45.58872222,-122.5975,32.84711389,-96.85177222
489,UA,BOS,LAX,42.3643475,-71.00517917,33.94253611,-118.4080744
490,UA,IAH,PHL,29.98047222,-95.33972222,39.87195278,-75.24114083
491,AA,LGA,DCA,40.77724306,-73.87260917,38.85208333,-77.03772222
492,AA,FLL,PHL,26.07258333,-80.15275,39.87195278,-75.24114083
493,WN,MDW,MSP,41.7859825,-87.75242444,44.88054694,-93.2169225
494,WN,DEN,SLC,39.85840806,-104.6670019,40.78838778,-111.9777731
495,AA,DEN,ORD,39.85840806,-104.6670019,41.979595,-87.90446417
496,WN,BWI,TPA,39.17540167,-76.66819833,27.97547222,-82.53325
497,UA,IAD,BOS,38.94453194,-77.45580972,42.3643475,-71.00517917
498,WN,LAS,MCO,36.08036111,-115.1523333,28.42888889,-81.31602778
499,WN,BWI,PHX,39.17540167,-76.66819833,33.43416667,-112.0080556
500,AS,BOS,LAX,42.3643475,-71.00517917,33.94253611,-118.4080744
501,WN,SAN,PHX,32.73355611,-117.1896567,33.43416667,-112.0080556
502,WN,DEN,IAD,39.85840806,-104.6670019,38.94453194,-77.45580972
503,AA,DCA,LAS,38.85208333,-77.03772222,36.08036111,-115.1523333
504,UA,EWR,SAN,40.69249722,-74.16866056,32.73355611,-117.1896567
505,UA,DEN,DTW,39.85840806,-104.6670019,42.21205889,-83.34883583
506,WN,DEN,BOS,39.85840806,-104.6670019,42.3643475,-71.00517917
507,AS,LAX,FLL,33.94253611,-118.4080744,26.07258333,-80.15275
508,WN,MDW,LAX,41.7859825,-87.75242444,33.94253611,-118.4080744
509,AA,SAN,JFK,32.73355611,-117.1896567,40.63975111,-73.77892556
510,B6,BOS,DCA,42.3643475,-71.00517917,38.85208333,-77.03772222
511,DL,LGA,TPA,40.77724306,-73.87260917,27.97547222,-82.53325
512,B6,PDX,JFK,45.58872222,-122.5975,40.63975111,-73.77892556
513,OO,LAX,DAL,33.94253611,-118.4080744,32.84711389,-96.85177222
514,WN,LAS,DAL,36.08036111,-115.1523333,32.84711389,-96.85177222
515,WN,DEN,LGA,39.85840806,-104.6670019,40.77724306,-73.87260917
516,WN,DAL,SAN,32.84711389,-96.85177222,32.73355611,-117.1896567
517,UA,IAH,CLT,29.98047222,-95.33972222,35.21401111,-80.94312583
518,WN,DEN,MSP,39.85840806,-104.6670019,44.88054694,-93.2169225
519,WN,ATL,PHX,33.64044444,-84.42694444,33.43416667,-112.0080556
520,WN,DEN,LAS,39.85840806,-104.6670019,36.08036111,-115.1523333
521,AA,MIA,DCA,25.79325,-80.29055556,38.85208333,-77.03772222
522,AS,LAX,DCA,33.94253611,-118.4080744,38.85208333,-77.03772222
523,AS,SFO,PDX,37.61900194,-122.3748433,45.58872222,-122.5975
524,AA,CLT,IAD,35.21401111,-80.94312583,38.94453194,-77.45580972
525,DL,MCO,BOS,28.42888889,-81.31602778,42.3643475,-71.00517917
526,UA,SFO,BWI,37.61900194,-122.3748433,39.17540167,-76.66819833
527,B6,BOS,MCO,42.3643475,-71.00517917,28.42888889,-81.31602778
528,WN,DEN,SAN,39.85840806,-104.6670019,32.73355611,-117.1896567
529,B6,FLL,EWR,26.07258333,-80.15275,40.69249722,-74.16866056
530,WN,ATL,LAS,33.64044444,-84.42694444,36.08036111,-115.1523333
531,AS,SFO,JFK,37.61900194,-122.3748433,40.63975111,-73.77892556
532,AA,FLL,ORD,26.07258333,-80.15275,41.979595,-87.90446417
533,WN,ATL,DCA,33.64044444,-84.42694444,38.85208333,-77.03772222
534,WN,FLL,MDW,26.07258333,-80.15275,41.7859825,-87.75242444
535,OO,DFW,SFO,32.89595056,-97.0372,37.61900194,-122.3748433
536,AS,SFO,BOS,37.61900194,-122.3748433,42.3643475,-71.00517917
537,WN,BWI,CLT,39.17540167,-76.66819833,35.21401111,-80.94312583
538,AA,MIA,IAH,25.79325,-80.29055556,29.98047222,-95.33972222
539,WN,BWI,LAS,39.17540167,-76.66819833,36.08036111,-115.1523333
540,WN,MDW,SEA,41.7859825,-87.75242444,47.44898194,-122.3093131
541,AS,SAN,BOS,32.73355611,-117.1896567,42.3643475,-71.00517917
542,B6,JFK,ORD,40.63975111,-73.77892556,41.979595,-87.90446417
543,WN,DAL,PHX,32.84711389,-96.85177222,33.43416667,-112.0080556
544,AA,PHL,MSP,39.87195278,-75.24114083,44.88054694,-93.2169225
545,WN,LAX,DAL,33.94253611,-118.4080744,32.84711389,-96.85177222
546,AS,SFO,PHL,37.61900194,-122.3748433,39.87195278,-75.24114083
547,WN,DAL,DCA,32.84711389,-96.85177222,38.85208333,-77.03772222
548,UA,ORD,MIA,41.979595,-87.90446417,25.79325,-80.29055556
549,AS,LAX,IAD,33.94253611,-118.4080744,38.94453194,-77.45580972
550,MQ,ORD,BWI,41.979595,-87.90446417,39.17540167,-76.66819833
551,DL,LGA,DFW,40.77724306,-73.87260917,32.89595056,-97.0372
552,AS,PDX,MCO,45.58872222,-122.5975,28.42888889,-81.31602778
553,DL,CLT,JFK,35.21401111,-80.94312583,40.63975111,-73.77892556
554,WN,MDW,DAL,41.7859825,-87.75242444,32.84711389,-96.85177222
555,WN,LAS,TPA,36.08036111,-115.1523333,27.97547222,-82.53325
556,AA,LAS,JFK,36.08036111,-115.1523333,40.63975111,-73.77892556
557,AA,ATL,MIA,33.64044444,-84.42694444,25.79325,-80.29055556
558,AS,PDX,MSP,45.58872222,-122.5975,44.88054694,-93.2169225
559,UA,EWR,DFW,40.69249722,-74.16866056,32.89595056,-97.0372
560,AA,IAH,PHL,29.98047222,-95.33972222,39.87195278,-75.24114083
561,EV,EWR,DCA,40.69249722,-74.16866056,38.85208333,-77.03772222
562,AA,PHL,MCO,39.87195278,-75.24114083,28.42888889,-81.31602778
563,WN,DEN,LAX,39.85840806,-104.6670019,33.94253611,-118.4080744
564,DL,BOS,FLL,42.3643475,-71.00517917,26.07258333,-80.15275
565,UA,LAS,IAH,36.08036111,-115.1523333,29.98047222,-95.33972222
566,UA,EWR,PHX,40.69249722,-74.16866056,33.43416667,-112.0080556
567,AA,CLT,DTW,35.21401111,-80.94312583,42.21205889,-83.34883583
568,WN,LAS,FLL,36.08036111,-115.1523333,26.07258333,-80.15275
569,WN,BOS,DAL,42.3643475,-71.00517917,32.84711389,-96.85177222
570,AS,SFO,ORD,37.61900194,-122.3748433,41.979595,-87.90446417
571,WN,FLL,PHL,26.07258333,-80.15275,39.87195278,-75.24114083
572,UA,DEN,ATL,39.85840806,-104.6670019,33.64044444,-84.42694444
573,OO,SFO,PHX,37.61900194,-122.3748433,33.43416667,-112.0080556
574,OO,DEN,DFW,39.85840806,-104.6670019,32.89595056,-97.0372
575,DL,LAS,BOS,36.08036111,-115.1523333,42.3643475,-71.00517917
576,UA,CLT,DEN,35.21401111,-80.94312583,39.85840806,-104.6670019
577,B6,MCO,LAX,28.42888889,-81.31602778,33.94253611,-118.4080744
578,WN,MDW,LAS,41.7859825,-87.75242444,36.08036111,-115.1523333
579,UA,LAS,EWR,36.08036111,-115.1523333,40.69249722,-74.16866056
580,OO,SAN,SFO,32.73355611,-117.1896567,37.61900194,-122.3748433
581,OO,ORD,EWR,41.979595,-87.90446417,40.69249722,-74.16866056
582,B6,LAX,BOS,33.94253611,-118.4080744,42.3643475,-71.00517917
583,UA,IAH,ATL,29.98047222,-95.33972222,33.64044444,-84.42694444
584,AS,LAX,LAS,33.94253611,-118.4080744,36.08036111,-115.1523333
585,B6,MCO,JFK,28.42888889,-81.31602778,40.63975111,-73.77892556
586,WN,BWI,ATL,39.17540167,-76.66819833,33.64044444,-84.42694444
587,AS,DAL,SAN,32.84711389,-96.85177222,32.73355611,-117.1896567
588,WN,PHL,TPA,39.87195278,-75.24114083,27.97547222,-82.53325
589,WN,SLC,DAL,40.78838778,-111.9777731,32.84711389,-96.85177222
590,B6,LAX,FLL,33.94253611,-118.4080744,26.07258333,-80.15275
591,UA,IAH,SLC,29.98047222,-95.33972222,40.78838778,-111.9777731
592,OO,DEN,MSP,39.85840806,-104.6670019,44.88054694,-93.2169225
593,AS,PDX,EWR,45.58872222,-122.5975,40.69249722,-74.16866056
594,WN,FLL,TPA,26.07258333,-80.15275,27.97547222,-82.53325
595,WN,LGA,MDW,40.77724306,-73.87260917,41.7859825,-87.75242444
596,DL,JFK,DTW,40.63975111,-73.77892556,42.21205889,-83.34883583
597,WN,DTW,DEN,42.21205889,-83.34883583,39.85840806,-104.6670019
598,WN,SLC,PHX,40.78838778,-111.9777731,33.43416667,-112.0080556
599,OO,BOS,JFK,42.3643475,-71.00517917,40.63975111,-73.77892556
600,OO,SEA,LAX,47.44898194,-122.3093131,33.94253611,-118.4080744
601,B6,JFK,SEA,40.63975111,-73.77892556,47.44898194,-122.3093131
602,WN,BOS,BWI,42.3643475,-71.00517917,39.17540167,-76.66819833
603,B6,JFK,TPA,40.63975111,-73.77892556,27.97547222,-82.53325
604,WN,FLL,SAN,26.07258333,-80.15275,32.73355611,-117.1896567
605,AA,DEN,LAX,39.85840806,-104.6670019,33.94253611,-118.4080744
606,AS,SAN,SFO,32.73355611,-117.1896567,37.61900194,-122.3748433
607,AS,DCA,PDX,38.85208333,-77.03772222,45.58872222,-122.5975
608,UA,MIA,DEN,25.79325,-80.29055556,39.85840806,-104.6670019
609,WN,ATL,DAL,33.64044444,-84.42694444,32.84711389,-96.85177222
610,DL,LAS,SEA,36.08036111,-115.1523333,47.44898194,-122.3093131
611,B6,JFK,FLL,40.63975111,-73.77892556,26.07258333,-80.15275
612,UA,MSP,IAD,44.88054694,-93.2169225,38.94453194,-77.45580972
613,UA,MSP,EWR,44.88054694,-93.2169225,40.69249722,-74.16866056
614,WN,SEA,PHX,47.44898194,-122.3093131,33.43416667,-112.0080556
615,WN,IAD,LAX,38.94453194,-77.45580972,33.94253611,-118.4080744
616,WN,SLC,MDW,40.78838778,-111.9777731,41.7859825,-87.75242444
617,UA,IAD,LAS,38.94453194,-77.45580972,36.08036111,-115.1523333
618,OO,SLC,DFW,40.78838778,-111.9777731,32.89595056,-97.0372
619,UA,SFO,SLC,37.61900194,-122.3748433,40.78838778,-111.9777731
620,B6,FLL,SAN,26.07258333,-80.15275,32.73355611,-117.1896567
621,F9,ORD,DEN,41.979595,-87.90446417,39.85840806,-104.6670019
622,F9,DEN,PDX,39.85840806,-104.6670019,45.58872222,-122.5975
623,NK,FLL,ATL,26.07258333,-80.15275,33.64044444,-84.42694444
624,DL,DTW,IAH,42.21205889,-83.34883583,29.98047222,-95.33972222
625,DL,MSP,IAH,44.88054694,-93.2169225,29.98047222,-95.33972222
626,WN,FLL,ATL,26.07258333,-80.15275,33.64044444,-84.42694444
627,WN,MCO,ATL,28.42888889,-81.31602778,33.64044444,-84.42694444
628,WN,MSP,BWI,44.88054694,-93.2169225,39.17540167,-76.66819833
629,WN,MCO,DAL,28.42888889,-81.31602778,32.84711389,-96.85177222
630,WN,BWI,DAL,39.17540167,-76.66819833,32.84711389,-96.85177222
631,WN,BWI,DEN,39.17540167,-76.66819833,39.85840806,-104.6670019
632,WN,MCO,DEN,28.42888889,-81.31602778,39.85840806,-104.6670019
633,WN,MDW,DTW,41.7859825,-87.75242444,42.21205889,-83.34883583
634,WN,MCO,FLL,28.42888889,-81.31602778,26.07258333,-80.15275
635,WN,PHX,FLL,33.43416667,-112.0080556,26.07258333,-80.15275
636,WN,PHX,LAS,33.43416667,-112.0080556,36.08036111,-115.1523333
637,WN,ATL,MDW,33.64044444,-84.42694444,41.7859825,-87.75242444
638,WN,LAS,PDX,36.08036111,-115.1523333,45.58872222,-122.5975
639,WN,PHX,PHL,33.43416667,-112.0080556,39.87195278,-75.24114083
640,WN,ATL,PHL,33.64044444,-84.42694444,39.87195278,-75.24114083
641,WN,PHX,SFO,33.43416667,-112.0080556,37.61900194,-122.3748433
642,WN,DEN,SFO,39.85840806,-104.6670019,37.61900194,-122.3748433
643,WN,LAS,SLC,36.08036111,-115.1523333,40.78838778,-111.9777731
644,F9,DEN,DCA,39.85840806,-104.6670019,38.85208333,-77.03772222
645,F9,DEN,SLC,39.85840806,-104.6670019,40.78838778,-111.9777731
646,NK,EWR,CLT,40.69249722,-74.16866056,35.21401111,-80.94312583
647,NK,MCO,DEN,28.42888889,-81.31602778,39.85840806,-104.6670019
648,NK,FLL,DFW,26.07258333,-80.15275,32.89595056,-97.0372
649,NK,FLL,LAX,26.07258333,-80.15275,33.94253611,-118.4080744
650,WN,MCO,BWI,28.42888889,-81.31602778,39.17540167,-76.66819833
651,WN,BWI,FLL,39.17540167,-76.66819833,26.07258333,-80.15275
652,WN,ATL,IAD,33.64044444,-84.42694444,38.94453194,-77.45580972
653,WN,PHX,LAX,33.43416667,-112.0080556,33.94253611,-118.4080744
654,WN,DAL,LGA,32.84711389,-96.85177222,40.77724306,-73.87260917
655,WN,DEN,PDX,39.85840806,-104.6670019,45.58872222,-122.5975
656,WN,PHX,PDX,33.43416667,-112.0080556,45.58872222,-122.5975
657,NK,FLL,BWI,26.07258333,-80.15275,39.17540167,-76.66819833
658,WN,DAL,CLT,32.84711389,-96.85177222,35.21401111,-80.94312583
659,WN,DAL,DTW,32.84711389,-96.85177222,42.21205889,-83.34883583
660,WN,DAL,FLL,32.84711389,-96.85177222,26.07258333,-80.15275
661,WN,ATL,LGA,33.64044444,-84.42694444,40.77724306,-73.87260917
662,WN,MDW,MCO,41.7859825,-87.75242444,28.42888889,-81.31602778
663,WN,ATL,MSP,33.64044444,-84.42694444,44.88054694,-93.2169225
664,WN,PHX,MSP,33.43416667,-112.0080556,44.88054694,-93.2169225
665,WN,DEN,TPA,39.85840806,-104.6670019,27.97547222,-82.53325
666,UA,DEN,SLC,39.85840806,-104.6670019,40.78838778,-111.9777731
667,F9,MCO,CLT,28.42888889,-81.31602778,35.21401111,-80.94312583
668,F9,PHL,CLT,39.87195278,-75.24114083,35.21401111,-80.94312583
669,F9,IAD,LAS,38.94453194,-77.45580972,36.08036111,-115.1523333
670,F9,DEN,LAX,39.85840806,-104.6670019,33.94253611,-118.4080744
671,F9,DEN,PHL,39.85840806,-104.6670019,39.87195278,-75.24114083
672,NK,MCO,ORD,28.42888889,-81.31602778,41.979595,-87.90446417
673,NK,LAS,ORD,36.08036111,-115.1523333,41.979595,-87.90446417
674,NK,ORD,SEA,41.979595,-87.90446417,47.44898194,-122.3093131
675,OO,IAH,DFW,29.98047222,-95.33972222,32.89595056,-97.0372
676,WN,DAL,DEN,32.84711389,-96.85177222,39.85840806,-104.6670019
677,WN,BWI,DTW,39.17540167,-76.66819833,42.21205889,-83.34883583
678,WN,MDW,EWR,41.7859825,-87.75242444,40.69249722,-74.16866056
679,WN,MDW,PHL,41.7859825,-87.75242444,39.87195278,-75.24114083
680,WN,LAS,SEA,36.08036111,-115.1523333,47.44898194,-122.3093131
681,UA,IAH,DTW,29.98047222,-95.33972222,42.21205889,-83.34883583
682,B6,BOS,FLL,42.3643475,-71.00517917,26.07258333,-80.15275
683,B6,BOS,MSP,42.3643475,-71.00517917,44.88054694,-93.2169225
684,F9,MCO,LAS,28.42888889,-81.31602778,36.08036111,-115.1523333
685,F9,DEN,SEA,39.85840806,-104.6670019,47.44898194,-122.3093131
686,F9,DEN,SFO,39.85840806,-104.6670019,37.61900194,-122.3748433
687,NK,DEN,BWI,39.85840806,-104.6670019,39.17540167,-76.66819833
688,NK,DTW,BWI,42.21205889,-83.34883583,39.17540167,-76.66819833
689,NK,FLL,DEN,26.07258333,-80.15275,39.85840806,-104.6670019
690,NK,FLL,EWR,26.07258333,-80.15275,40.69249722,-74.16866056
691,NK,LAS,EWR,36.08036111,-115.1523333,40.69249722,-74.16866056
692,NK,LAS,SAN,36.08036111,-115.1523333,32.73355611,-117.1896567
693,OO,DEN,PDX,39.85840806,-104.6670019,45.58872222,-122.5975
694,WN,MDW,DCA,41.7859825,-87.75242444,38.85208333,-77.03772222
695,WN,SAN,EWR,32.73355611,-117.1896567,40.69249722,-74.16866056
696,WN,DEN,EWR,39.85840806,-104.6670019,40.69249722,-74.16866056
697,WN,SAN,PDX,32.73355611,-117.1896567,45.58872222,-122.5975
698,WN,DAL,PHL,32.84711389,-96.85177222,39.87195278,-75.24114083
699,WN,DEN,PHL,39.85840806,-104.6670019,39.87195278,-75.24114083
700,WN,TPA,SAN,27.97547222,-82.53325,32.73355611,-117.1896567
701,WN,DAL,SFO,32.84711389,-96.85177222,37.61900194,-122.3748433
702,WN,DAL,TPA,32.84711389,-96.85177222,27.97547222,-82.53325
703,B6,FLL,ATL,26.07258333,-80.15275,33.64044444,-84.42694444
704,F9,DEN,PHX,39.85840806,-104.6670019,33.43416667,-112.0080556
705,F9,LAS,SFO,36.08036111,-115.1523333,37.61900194,-122.3748433
706,NK,DTW,FLL,42.21205889,-83.34883583,26.07258333,-80.15275
707,NK,IAH,ORD,29.98047222,-95.33972222,41.979595,-87.90446417
708,NK,FLL,ORD,26.07258333,-80.15275,41.979595,-87.90446417
709,NK,ATL,PHL,33.64044444,-84.42694444,39.87195278,-75.24114083
710,NK,LAS,SEA,36.08036111,-115.1523333,47.44898194,-122.3093131
711,OO,ORD,DFW,41.979595,-87.90446417,32.89595056,-97.0372
712,WN,BWI,SLC,39.17540167,-76.66819833,40.78838778,-111.9777731
713,OO,JFK,DCA,40.63975111,-73.77892556,38.85208333,-77.03772222
714,AA,LGA,MCO,40.77724306,-73.87260917,28.42888889,-81.31602778
715,F9,DEN,IAD,39.85840806,-104.6670019,38.94453194,-77.45580972
716,F9,DEN,MSP,39.85840806,-104.6670019,44.88054694,-93.2169225
717,NK,DTW,ATL,42.21205889,-83.34883583,33.64044444,-84.42694444
718,NK,LAS,BOS,36.08036111,-115.1523333,42.3643475,-71.00517917
719,NK,MCO,DFW,28.42888889,-81.31602778,32.89595056,-97.0372
720,NK,LAS,DFW,36.08036111,-115.1523333,32.89595056,-97.0372
721,NK,DEN,DFW,39.85840806,-104.6670019,32.89595056,-97.0372
722,NK,MCO,IAH,28.42888889,-81.31602778,29.98047222,-95.33972222
723,NK,FLL,LGA,26.07258333,-80.15275,40.77724306,-73.87260917
724,NK,DTW,LGA,42.21205889,-83.34883583,40.77724306,-73.87260917
725,NK,ATL,MSP,33.64044444,-84.42694444,44.88054694,-93.2169225
726,NK,LAS,PDX,36.08036111,-115.1523333,45.58872222,-122.5975
727,NK,DFW,PHX,32.89595056,-97.0372,33.43416667,-112.0080556
728,NK,DTW,TPA,42.21205889,-83.34883583,27.97547222,-82.53325
729,WN,ATL,DTW,33.64044444,-84.42694444,42.21205889,-83.34883583
730,B6,MCO,LGA,28.42888889,-81.31602778,40.77724306,-73.87260917
731,NK,MCO,DTW,28.42888889,-81.31602778,42.21205889,-83.34883583
732,NK,MCO,EWR,28.42888889,-81.31602778,40.69249722,-74.16866056
733,NK,FLL,LAS,26.07258333,-80.15275,36.08036111,-115.1523333
734,WN,DAL,PDX,32.84711389,-96.85177222,45.58872222,-122.5975
735,WN,SAN,SFO,32.73355611,-117.1896567,37.61900194,-122.3748433
736,AA,PHL,DTW,39.87195278,-75.24114083,42.21205889,-83.34883583
737,DL,JFK,TPA,40.63975111,-73.77892556,27.97547222,-82.53325
738,F9,DEN,TPA,39.85840806,-104.6670019,27.97547222,-82.53325
739,NK,LAS,IAH,36.08036111,-115.1523333,29.98047222,-95.33972222
740,NK,FLL,MCO,26.07258333,-80.15275,28.42888889,-81.31602778
741,WN,MCO,PHL,28.42888889,-81.31602778,39.87195278,-75.24114083
742,OO,LGA,CLT,40.77724306,-73.87260917,35.21401111,-80.94312583
743,F9,DEN,IAH,39.85840806,-104.6670019,29.98047222,-95.33972222
744,F9,DEN,LGA,39.85840806,-104.6670019,40.77724306,-73.87260917
745,NK,MCO,ATL,28.42888889,-81.31602778,33.64044444,-84.42694444
746,NK,FLL,BOS,26.07258333,-80.15275,42.3643475,-71.00517917
747,NK,FLL,IAH,26.07258333,-80.15275,29.98047222,-95.33972222
748,NK,FLL,PHL,26.07258333,-80.15275,39.87195278,-75.24114083
749,NK,FLL,PHX,26.07258333,-80.15275,33.43416667,-112.0080556
750,NK,IAH,SAN,29.98047222,-95.33972222,32.73355611,-117.1896567
751,NK,DTW,SEA,42.21205889,-83.34883583,47.44898194,-122.3093131
752,DL,DTW,MDW,42.21205889,-83.34883583,41.7859825,-87.75242444
753,UA,EWR,ATL,40.69249722,-74.16866056,33.64044444,-84.42694444
754,B6,BOS,LGA,42.3643475,-71.00517917,40.77724306,-73.87260917
755,F9,MCO,DEN,28.42888889,-81.31602778,39.85840806,-104.6670019
756,NK,BWI,ATL,39.17540167,-76.66819833,33.64044444,-84.42694444
757,NK,BOS,BWI,42.3643475,-71.00517917,39.17540167,-76.66819833
758,WN,PHX,DTW,33.43416667,-112.0080556,42.21205889,-83.34883583
759,WN,PHX,EWR,33.43416667,-112.0080556,40.69249722,-74.16866056
760,WN,DAL,MSP,32.84711389,-96.85177222,44.88054694,-93.2169225
761,AA,DCA,TPA,38.85208333,-77.03772222,27.97547222,-82.53325
762,F9,DEN,BWI,39.85840806,-104.6670019,39.17540167,-76.66819833
763,F9,DEN,SAN,39.85840806,-104.6670019,32.73355611,-117.1896567
764,NK,FLL,TPA,26.07258333,-80.15275,27.97547222,-82.53325
765,WN,ATL,BOS,33.64044444,-84.42694444,42.3643475,-71.00517917
766,WN,SAN,SLC,32.73355611,-117.1896567,40.78838778,-111.9777731
767,NK,DFW,SAN,32.89595056,-97.0372,32.73355611,-117.1896567
768,NK,DTW,SAN,42.21205889,-83.34883583,32.73355611,-117.1896567
769,NK,DFW,TPA,32.89595056,-97.0372,27.97547222,-82.53325
770,WN,MCO,DCA,28.42888889,-81.31602778,38.85208333,-77.03772222
771,WN,LAX,SLC,33.94253611,-118.4080744,40.78838778,-111.9777731
772,AA,JFK,DCA,40.63975111,-73.77892556,38.85208333,-77.03772222
773,AA,MIA,DTW,25.79325,-80.29055556,42.21205889,-83.34883583
774,MQ,PHL,JFK,39.87195278,-75.24114083,40.63975111,-73.77892556
775,DL,JFK,DCA,40.63975111,-73.77892556,38.85208333,-77.03772222
776,WN,TPA,LGA,27.97547222,-82.53325,40.77724306,-73.87260917
777,WN,BWI,PDX,39.17540167,-76.66819833,45.58872222,-122.5975
778,WN,BWI,SAN,39.17540167,-76.66819833,32.73355611,-117.1896567
779,WN,ATL,SAN,33.64044444,-84.42694444,32.73355611,-117.1896567
780,F9,DEN,CLT,39.85840806,-104.6670019,35.21401111,-80.94312583
781,NK,DFW,LAX,32.89595056,-97.0372,33.94253611,-118.4080744
782,OO,SFO,DAL,37.61900194,-122.3748433,32.84711389,-96.85177222
783,UA,LAX,SEA,33.94253611,-118.4080744,47.44898194,-122.3093131
784,WN,DAL,SEA,32.84711389,-96.85177222,47.44898194,-122.3093131
785,F9,ATL,DEN,33.64044444,-84.42694444,39.85840806,-104.6670019
786,NK,LAS,LAX,36.08036111,-115.1523333,33.94253611,-118.4080744
787,DL,JFK,DEN,40.63975111,-73.77892556,39.85840806,-104.6670019
788,NK,ATL,LAX,33.64044444,-84.42694444,33.94253611,-118.4080744
789,NK,TPA,MSP,27.97547222,-82.53325,44.88054694,-93.2169225
790,B6,BOS,ATL,42.3643475,-71.00517917,33.64044444,-84.42694444
791,F9,DEN,FLL,39.85840806,-104.6670019,26.07258333,-80.15275
792,NK,DFW,ATL,32.89595056,-97.0372,33.64044444,-84.42694444
793,NK,LAS,DTW,36.08036111,-115.1523333,42.21205889,-83.34883583
794,NK,FLL,MSP,26.07258333,-80.15275,44.88054694,-93.2169225
795,NK,LAS,MSP,36.08036111,-115.1523333,44.88054694,-93.2169225
796,NK,LAX,ORD,33.94253611,-118.4080744,41.979595,-87.90446417
797,WN,MDW,PDX,41.7859825,-87.75242444,45.58872222,-122.5975
798,NK,LAX,DTW,33.94253611,-118.4080744,42.21205889,-83.34883583
799,WN,DEN,DCA,39.85840806,-104.6670019,38.85208333,-77.03772222
800,B6,JFK,DEN,40.63975111,-73.77892556,39.85840806,-104.6670019
801,B6,BOS,PHX,42.3643475,-71.00517917,33.43416667,-112.0080556
802,F9,DEN,DFW,39.85840806,-104.6670019,32.89595056,-97.0372
803,NK,TPA,LAS,27.97547222,-82.53325,36.08036111,-115.1523333
804,NK,MCO,MSP,28.42888889,-81.31602778,44.88054694,-93.2169225
805,EV,ORD,DTW,41.979595,-87.90446417,42.21205889,-83.34883583
806,WN,PHX,MCO,33.43416667,-112.0080556,28.42888889,-81.31602778
807,F9,ORD,PHX,41.979595,-87.90446417,33.43416667,-112.0080556
808,NK,MCO,LAS,28.42888889,-81.31602778,36.08036111,-115.1523333
809,NK,LAX,PHL,33.94253611,-118.4080744,39.87195278,-75.24114083
810,MQ,ORD,EWR,41.979595,-87.90446417,40.69249722,-74.16866056
811,NK,BWI,IAH,39.17540167,-76.66819833,29.98047222,-95.33972222
812,NK,IAH,LAX,29.98047222,-95.33972222,33.94253611,-118.4080744
813,NK,ORD,LGA,41.979595,-87.90446417,40.77724306,-73.87260917
814,NK,MCO,PHL,28.42888889,-81.31602778,39.87195278,-75.24114083
815,B6,JFK,SAN,40.63975111,-73.77892556,32.73355611,-117.1896567
816,MQ,LGA,DTW,40.77724306,-73.87260917,42.21205889,-83.34883583
817,WN,FLL,DCA,26.07258333,-80.15275,38.85208333,-77.03772222
818,WN,DEN,FLL,39.85840806,-104.6670019,26.07258333,-80.15275
819,MQ,JFK,BWI,40.63975111,-73.77892556,39.17540167,-76.66819833
820,WN,LAS,DTW,36.08036111,-115.1523333,42.21205889,-83.34883583
821,B6,FLL,PHL,26.07258333,-80.15275,39.87195278,-75.24114083
822,F9,ATL,MCO,33.64044444,-84.42694444,28.42888889,-81.31602778
823,F9,PHX,MCO,33.43416667,-112.0080556,28.42888889,-81.31602778
824,AS,LAX,BWI,33.94253611,-118.4080744,39.17540167,-76.66819833
825,AS,SFO,BWI,37.61900194,-122.3748433,39.17540167,-76.66819833
826,AS,LAX,PHL,33.94253611,-118.4080744,39.87195278,-75.24114083
827,B6,BOS,BWI,42.3643475,-71.00517917,39.17540167,-76.66819833
828,F9,LAS,ATL,36.08036111,-115.1523333,33.64044444,-84.42694444
829,NK,ORD,BWI,41.979595,-87.90446417,39.17540167,-76.66819833
830,NK,LAX,BWI,33.94253611,-118.4080744,39.17540167,-76.66819833
831,B6,BOS,DEN,42.3643475,-71.00517917,39.85840806,-104.6670019
832,NK,LAS,ATL,36.08036111,-115.1523333,33.64044444,-84.42694444
833,WN,LAS,MSP,36.08036111,-115.1523333,44.88054694,-93.2169225
834,B6,JFK,CLT,40.63975111,-73.77892556,35.21401111,-80.94312583
835,WN,LAX,PDX,33.94253611,-118.4080744,45.58872222,-122.5975
836,NK,LAS,BWI,36.08036111,-115.1523333,39.17540167,-76.66819833
837,NK,ORD,SAN,41.979595,-87.90446417,32.73355611,-117.1896567
838,WN,SAN,MCO,32.73355611,-117.1896567,28.42888889,-81.31602778
839,OO,SLC,LAS,40.78838778,-111.9777731,36.08036111,-115.1523333
840,AS,LAX,EWR,33.94253611,-118.4080744,40.69249722,-74.16866056
841,B6,JFK,ATL,40.63975111,-73.77892556,33.64044444,-84.42694444
842,AS,LAX,ORD,33.94253611,-118.4080744,41.979595,-87.90446417
843,B6,BOS,EWR,42.3643475,-71.00517917,40.69249722,-74.16866056
844,OO,PDX,SFO,45.58872222,-122.5975,37.61900194,-122.3748433
845,F9,DEN,DTW,39.85840806,-104.6670019,42.21205889,-83.34883583
846,NK,MCO,BOS,28.42888889,-81.31602778,42.3643475,-71.00517917
847,AA,JFK,SEA,40.63975111,-73.77892556,47.44898194,-122.3093131
848,AA,MIA,MSP,25.79325,-80.29055556,44.88054694,-93.2169225
849,B6,BOS,DTW,42.3643475,-71.00517917,42.21205889,-83.34883583
850,WN,MDW,IAD,41.7859825,-87.75242444,38.94453194,-77.45580972
851,WN,SAN,SEA,32.73355611,-117.1896567,47.44898194,-122.3093131
852,AS,SFO,IAD,37.61900194,-122.3748433,38.94453194,-77.45580972
853,F9,LAS,SAN,36.08036111,-115.1523333,32.73355611,-117.1896567
854,NK,MSP,BWI,44.88054694,-93.2169225,39.17540167,-76.66819833
855,NK,DFW,BWI,32.89595056,-97.0372,39.17540167,-76.66819833
856,NK,LAS,DEN,36.08036111,-115.1523333,39.85840806,-104.6670019
857,NK,DFW,LGA,32.89595056,-97.0372,40.77724306,-73.87260917
858,NK,ORD,PHX,41.979595,-87.90446417,33.43416667,-112.0080556
859,NK,DFW,SEA,32.89595056,-97.0372,47.44898194,-122.3093131
860,DL,MSP,IAD,44.88054694,-93.2169225,38.94453194,-77.45580972
861,B6,MCO,DCA,28.42888889,-81.31602778,38.85208333,-77.03772222
862,B6,BOS,ORD,42.3643475,-71.00517917,41.979595,-87.90446417
863,B6,JFK,PHX,40.63975111,-73.77892556,33.43416667,-112.0080556
864,OO,MSP,ORD,44.88054694,-93.2169225,41.979595,-87.90446417
865,F9,LAS,SLC,36.08036111,-115.1523333,40.78838778,-111.9777731
866,WN,BWI,SEA,39.17540167,-76.66819833,47.44898194,-122.3093131
867,UA,SFO,MSP,37.61900194,-122.3748433,44.88054694,-93.2169225
868,OO,SFO,MSP,37.61900194,-122.3748433,44.88054694,-93.2169225
869,OO,ORD,BWI,41.979595,-87.90446417,39.17540167,-76.66819833
870,AS,LAX,JFK,33.94253611,-118.4080744,40.63975111,-73.77892556
871,B6,BOS,SEA,42.3643475,-71.00517917,47.44898194,-122.3093131
872,UA,LAS,BOS,36.08036111,-115.1523333,42.3643475,-71.00517917
873,UA,EWR,DTW,40.69249722,-74.16866056,42.21205889,-83.34883583
874,UA,IAH,MSP,29.98047222,-95.33972222,44.88054694,-93.2169225
875,B6,MCO,EWR,28.42888889,-81.31602778,40.69249722,-74.16866056
876,B6,SLC,FLL,40.78838778,-111.9777731,26.07258333,-80.15275
877,EV,IAH,DFW,29.98047222,-95.33972222,32.89595056,-97.0372
878,B6,DFW,BOS,32.89595056,-97.0372,42.3643475,-71.00517917
879,B6,FLL,SFO,26.07258333,-80.15275,37.61900194,-122.3748433
880,B6,BOS,SLC,42.3643475,-71.00517917,40.78838778,-111.9777731
881,B6,LAS,FLL,36.08036111,-115.1523333,26.07258333,-80.15275
882,WN,TPA,DCA,27.97547222,-82.53325,38.85208333,-77.03772222
883,MQ,ORD,ATL,41.979595,-87.90446417,33.64044444,-84.42694444
884,B6,TPA,BOS,27.97547222,-82.53325,42.3643475,-71.00517917
885,MQ,ORD,DTW,41.979595,-87.90446417,42.21205889,-83.34883583
886,B6,BOS,SAN,42.3643475,-71.00517917,32.73355611,-117.1896567
887,OO,JFK,ORD,40.63975111,-73.77892556,41.979595,-87.90446417
888,F9,IAH,MCO,29.98047222,-95.33972222,28.42888889,-81.31602778
889,OO,MSP,PHL,44.88054694,-93.2169225,39.87195278,-75.24114083
890,NK,MCO,BWI,28.42888889,-81.31602778,39.17540167,-76.66819833
891,WN,PHX,BOS,33.43416667,-112.0080556,42.3643475,-71.00517917
892,AS,EWR,SAN,40.69249722,-74.16866056,32.73355611,-117.1896567
893,B6,BOS,CLT,42.3643475,-71.00517917,35.21401111,-80.94312583
894,NK,IAH,TPA,29.98047222,-95.33972222,27.97547222,-82.53325
895,F9,DEN,LAS,39.85840806,-104.6670019,36.08036111,-115.1523333
896,WN,LAS,CLT,36.08036111,-115.1523333,35.21401111,-80.94312583
897,OO,DEN,SEA,39.85840806,-104.6670019,47.44898194,-122.3093131
898,OO,SFO,LAX,37.61900194,-122.3748433,33.94253611,-118.4080744
899,WN,SFO,IAD,37.61900194,-122.3748433,38.94453194,-77.45580972
900,EV,IAH,SLC,29.98047222,-95.33972222,40.78838778,-111.9777731
901,B6,FLL,LGA,26.07258333,-80.15275,40.77724306,-73.87260917
902,F9,DFW,MCO,32.89595056,-97.0372,28.42888889,-81.31602778
903,EV,IAH,ATL,29.98047222,-95.33972222,33.64044444,-84.42694444
904,OO,PDX,MSP,45.58872222,-122.5975,44.88054694,-93.2169225
905,OO,SAN,DAL,32.73355611,-117.1896567,32.84711389,-96.85177222
906,AA,MIA,EWR,25.79325,-80.29055556,40.69249722,-74.16866056
907,F9,ATL,SAN,33.64044444,-84.42694444,32.73355611,-117.1896567
908,WN,FLL,DTW,26.07258333,-80.15275,42.21205889,-83.34883583
909,AS,LAX,DAL,33.94253611,-118.4080744,32.84711389,-96.85177222
910,AS,PDX,DAL,45.58872222,-122.5975,32.84711389,-96.85177222
911,AS,SFO,DAL,37.61900194,-122.3748433,32.84711389,-96.85177222
912,AS,SFO,MCO,37.61900194,-122.3748433,28.42888889,-81.31602778
913,AS,DCA,SFO,38.85208333,-77.03772222,37.61900194,-122.3748433
914,AS,SFO,SLC,37.61900194,-122.3748433,40.78838778,-111.9777731
915,AA,PHL,BWI,39.87195278,-75.24114083,39.17540167,-76.66819833
916,AA,LAX,PDX,33.94253611,-118.4080744,45.58872222,-122.5975
917,B6,LAS,JFK,36.08036111,-115.1523333,40.63975111,-73.77892556
918,OO,DTW,DFW,42.21205889,-83.34883583,32.89595056,-97.0372
919,UA,MCO,SAN,28.42888889,-81.31602778,32.73355611,-117.1896567
920,OO,ORD,PDX,41.979595,-87.90446417,45.58872222,-122.5975
921,F9,DEN,BOS,39.85840806,-104.6670019,42.3643475,-71.00517917
922,MQ,BOS,JFK,42.3643475,-71.00517917,40.63975111,-73.77892556
923,B6,BOS,PDX,42.3643475,-71.00517917,45.58872222,-122.5975
924,OO,DEN,ATL,39.85840806,-104.6670019,33.64044444,-84.42694444
925,WN,SEA,MCO,47.44898194,-122.3093131,28.42888889,-81.31602778
926,WN,LAS,BOS,36.08036111,-115.1523333,42.3643475,-71.00517917
927,OO,SLC,PHX,40.78838778,-111.9777731,33.43416667,-112.0080556
928,DL,MSP,MDW,44.88054694,-93.2169225,41.7859825,-87.75242444
929,OO,ORD,IAD,41.979595,-87.90446417,38.94453194,-77.45580972
930,AA,SAN,LAX,32.73355611,-117.1896567,33.94253611,-118.4080744
931,UA,MIA,IAD,25.79325,-80.29055556,38.94453194,-77.45580972
932,MQ,CLT,ORD,35.21401111,-80.94312583,41.979595,-87.90446417
933,AS,BOS,ORD,42.3643475,-71.00517917,41.979595,-87.90446417
934,UA,DCA,EWR,38.85208333,-77.03772222,40.69249722,-74.16866056
935,UA,TPA,PHX,27.97547222,-82.53325,33.43416667,-112.0080556
936,NK,DTW,DFW,42.21205889,-83.34883583,32.89595056,-97.0372
937,NK,ATL,EWR,33.64044444,-84.42694444,40.69249722,-74.16866056
938,NK,FLL,SAN,26.07258333,-80.15275,32.73355611,-117.1896567
939,WN,MCO,BOS,28.42888889,-81.31602778,42.3643475,-71.00517917
940,WN,LGA,FLL,40.77724306,-73.87260917,26.07258333,-80.15275
941,F9,MIA,DEN,25.79325,-80.29055556,39.85840806,-104.6670019
942,F9,MCO,PHL,28.42888889,-81.31602778,39.87195278,-75.24114083
943,NK,DEN,ATL,39.85840806,-104.6670019,33.64044444,-84.42694444
944,NK,BOS,DFW,42.3643475,-71.00517917,32.89595056,-97.0372
945,NK,DEN,LGA,39.85840806,-104.6670019,40.77724306,-73.87260917
946,NK,DFW,ORD,32.89595056,-97.0372,41.979595,-87.90446417
947,NK,DFW,PHL,32.89595056,-97.0372,39.87195278,-75.24114083
948,WN,PDX,SFO,45.58872222,-122.5975,37.61900194,-122.3748433
949,NK,IAH,DEN,29.98047222,-95.33972222,39.85840806,-104.6670019
950,NK,BOS,TPA,42.3643475,-71.00517917,27.97547222,-82.53325
951,NK,ATL,TPA,33.64044444,-84.42694444,27.97547222,-82.53325
952,F9,LGA,ATL,40.77724306,-73.87260917,33.64044444,-84.42694444
953,F9,LAS,IAH,36.08036111,-115.1523333,29.98047222,-95.33972222
954,NK,DEN,ORD,39.85840806,-104.6670019,41.979595,-87.90446417
955,NK,LAX,MSP,33.94253611,-118.4080744,44.88054694,-93.2169225
956,NK,DTW,MSP,42.21205889,-83.34883583,44.88054694,-93.2169225
957,NK,LAS,PHL,36.08036111,-115.1523333,39.87195278,-75.24114083
958,F9,ATL,SFO,33.64044444,-84.42694444,37.61900194,-122.3748433
959,NK,MSP,DEN,44.88054694,-93.2169225,39.85840806,-104.6670019
960,NK,DTW,IAH,42.21205889,-83.34883583,29.98047222,-95.33972222
961,WN,IAD,MCO,38.94453194,-77.45580972,28.42888889,-81.31602778
962,F9,BOS,MCO,42.3643475,-71.00517917,28.42888889,-81.31602778
963,F9,MSP,MCO,44.88054694,-93.2169225,28.42888889,-81.31602778
964,NK,BOS,DTW,42.3643475,-71.00517917,42.21205889,-83.34883583
965,NK,DEN,LAX,39.85840806,-104.6670019,33.94253611,-118.4080744
966,NK,LAX,SEA,33.94253611,-118.4080744,47.44898194,-122.3093131
967,WN,MCO,DTW,28.42888889,-81.31602778,42.21205889,-83.34883583
968,WN,LGA,LAS,40.77724306,-73.87260917,36.08036111,-115.1523333
969,WN,SLC,PDX,40.78838778,-111.9777731,45.58872222,-122.5975
970,WN,LAX,SEA,33.94253611,-118.4080744,47.44898194,-122.3093131
971,F9,LAS,ORD,36.08036111,-115.1523333,41.979595,-87.90446417
972,NK,ORD,BOS,41.979595,-87.90446417,42.3643475,-71.00517917
973,NK,EWR,IAH,40.69249722,-74.16866056,29.98047222,-95.33972222
974,NK,TPA,ORD,27.97547222,-82.53325,41.979595,-87.90446417
975,F9,SLC,ATL,40.78838778,-111.9777731,33.64044444,-84.42694444
976,NK,IAH,ATL,29.98047222,-95.33972222,33.64044444,-84.42694444
977,NK,DEN,DTW,39.85840806,-104.6670019,42.21205889,-83.34883583
978,NK,IAH,SEA,29.98047222,-95.33972222,47.44898194,-122.3093131
979,NK,LAX,TPA,33.94253611,-118.4080744,27.97547222,-82.53325
980,WN,PHL,MSP,39.87195278,-75.24114083,44.88054694,-93.2169225
981,NK,CLT,MCO,35.21401111,-80.94312583,28.42888889,-81.31602778
982,NK,ATL,ORD,33.64044444,-84.42694444,41.979595,-87.90446417
983,NK,ATL,SEA,33.64044444,-84.42694444,47.44898194,-122.3093131
984,F9,TPA,PHL,27.97547222,-82.53325,39.87195278,-75.24114083
985,WN,MCO,LAX,28.42888889,-81.31602778,33.94253611,-118.4080744
986,F9,MIA,ATL,25.79325,-80.29055556,33.64044444,-84.42694444
987,NK,IAH,MSP,29.98047222,-95.33972222,44.88054694,-93.2169225
988,WN,DCA,MSP,38.85208333,-77.03772222,44.88054694,-93.2169225
989,OO,JFK,CLT,40.63975111,-73.77892556,35.21401111,-80.94312583
990,NK,ATL,BOS,33.64044444,-84.42694444,42.3643475,-71.00517917
991,NK,SEA,MCO,47.44898194,-122.3093131,28.42888889,-81.31602778
992,NK,TPA,BWI,27.97547222,-82.53325,39.17540167,-76.66819833
993,NK,DFW,MSP,32.89595056,-97.0372,44.88054694,-93.2169225
994,NK,FLL,SEA,26.07258333,-80.15275,47.44898194,-122.3093131
995,NK,DTW,PHL,42.21205889,-83.34883583,39.87195278,-75.24114083
996,NK,LAX,LGA,33.94253611,-118.4080744,40.77724306,-73.87260917
997,F9,DFW,PHL,32.89595056,-97.0372,39.87195278,-75.24114083
998,F9,MCO,DTW,28.42888889,-81.31602778,42.21205889,-83.34883583
999,B6,MCO,ATL,28.42888889,-81.31602778,33.64044444,-84.42694444
1000,WN,MCO,LGA,28.42888889,-81.31602778,40.77724306,-73.87260917
1001,F9,LAX,ATL,33.94253611,-118.4080744,33.64044444,-84.42694444
1002,F9,LAS,DFW,36.08036111,-115.1523333,32.89595056,-97.0372
1003,NK,SEA,BWI,47.44898194,-122.3093131,39.17540167,-76.66819833
1004,UA,DFW,BWI,32.89595056,-97.0372,39.17540167,-76.66819833
1005,WN,DCA,DTW,38.85208333,-77.03772222,42.21205889,-83.34883583
1006,WN,DAL,EWR,32.84711389,-96.85177222,40.69249722,-74.16866056
1007,F9,BWI,MCO,39.17540167,-76.66819833,28.42888889,-81.31602778
1008,WN,SLC,SFO,40.78838778,-111.9777731,37.61900194,-122.3748433
1009,F9,LAS,TPA,36.08036111,-115.1523333,27.97547222,-82.53325
1010,F9,MIA,PHL,25.79325,-80.29055556,39.87195278,-75.24114083
1011,F9,IAH,PHL,29.98047222,-95.33972222,39.87195278,-75.24114083
1012,WN,TPA,MSP,27.97547222,-82.53325,44.88054694,-93.2169225
1013,WN,LGA,PHX,40.77724306,-73.87260917,33.43416667,-112.0080556
1014,WN,PDX,MSP,45.58872222,-122.5975,44.88054694,-93.2169225
1015,NK,LAX,MCO,33.94253611,-118.4080744,28.42888889,-81.31602778
1016,AA,JFK,MCO,40.63975111,-73.77892556,28.42888889,-81.31602778
1017,F9,MCO,IAD,28.42888889,-81.31602778,38.94453194,-77.45580972
1018,F9,MCO,SAN,28.42888889,-81.31602778,32.73355611,-117.1896567
1019,F9,MCO,ORD,28.42888889,-81.31602778,41.979595,-87.90446417
1020,NK,DFW,EWR,32.89595056,-97.0372,40.69249722,-74.16866056
1021,F9,SLC,MCO,40.78838778,-111.9777731,28.42888889,-81.31602778
1022,B6,EWR,TPA,40.69249722,-74.16866056,27.97547222,-82.53325
1023,F9,LAS,PHL,36.08036111,-115.1523333,39.87195278,-75.24114083
1024,UA,BOS,PDX,42.3643475,-71.00517917,45.58872222,-122.5975
1025,WN,IAD,DAL,38.94453194,-77.45580972,32.84711389,-96.85177222
1026,WN,DTW,LAX,42.21205889,-83.34883583,33.94253611,-118.4080744
1027,WN,DCA,SAN,38.85208333,-77.03772222,32.73355611,-117.1896567
1028,F9,TPA,ORD,27.97547222,-82.53325,41.979595,-87.90446417
1029,B6,TPA,DCA,27.97547222,-82.53325,38.85208333,-77.03772222
1030,UA,LGA,SFO,40.77724306,-73.87260917,37.61900194,-122.3748433
1031,WN,TPA,DTW,27.97547222,-82.53325,42.21205889,-83.34883583
1032,F9,LAS,DTW,36.08036111,-115.1523333,42.21205889,-83.34883583
1033,F9,ATL,PHL,33.64044444,-84.42694444,39.87195278,-75.24114083
1034,WN,MCO,CLT,28.42888889,-81.31602778,35.21401111,-80.94312583
1035,NK,TPA,PHL,27.97547222,-82.53325,39.87195278,-75.24114083
1036,WN,CLT,DEN,35.21401111,-80.94312583,39.85840806,-104.6670019
1037,WN,FLL,IAD,26.07258333,-80.15275,38.94453194,-77.45580972
1038,UA,TPA,SAN,27.97547222,-82.53325,32.73355611,-117.1896567
1039,F9,ORD,DFW,41.979595,-87.90446417,32.89595056,-97.0372
1040,WN,EWR,ATL,40.69249722,-74.16866056,33.64044444,-84.42694444
1041,NK,TPA,EWR,27.97547222,-82.53325,40.69249722,-74.16866056
1042,WN,LAX,DCA,33.94253611,-118.4080744,38.85208333,-77.03772222
1043,WN,FLL,SFO,26.07258333,-80.15275,37.61900194,-122.3748433
1044,WN,DCA,LAS,38.85208333,-77.03772222,36.08036111,-115.1523333
1045,NK,CLT,FLL,35.21401111,-80.94312583,26.07258333,-80.15275
1046,WN,TPA,SFO,27.97547222,-82.53325,37.61900194,-122.3748433
1047,WN,EWR,FLL,40.69249722,-74.16866056,26.07258333,-80.15275
1048,F9,LAX,LAS,33.94253611,-118.4080744,36.08036111,-115.1523333
1049,WN,LAX,MSP,33.94253611,-118.4080744,44.88054694,-93.2169225
1050,WN,DTW,PDX,42.21205889,-83.34883583,45.58872222,-122.5975
1051,WN,BOS,TPA,42.3643475,-71.00517917,27.97547222,-82.53325
1052,WN,SLC,SEA,40.78838778,-111.9777731,47.44898194,-122.3093131
1053,F9,MIA,ORD,25.79325,-80.29055556,41.979595,-87.90446417
1054,WN,SLC,EWR,40.78838778,-111.9777731,40.69249722,-74.16866056
1055,WN,IAD,TPA,38.94453194,-77.45580972,27.97547222,-82.53325
1056,WN,FLL,CLT,26.07258333,-80.15275,35.21401111,-80.94312583
1057,OO,LGA,IAD,40.77724306,-73.87260917,38.94453194,-77.45580972
1058,WN,BOS,FLL,42.3643475,-71.00517917,26.07258333,-80.15275
1059,UA,SAN,PHL,32.73355611,-117.1896567,39.87195278,-75.24114083
1060,UA,SEA,DFW,47.44898194,-122.3093131,32.89595056,-97.0372
1061,DL,JFK,IAD,40.63975111,-73.77892556,38.94453194,-77.45580972
1062,UA,IAD,LGA,38.94453194,-77.45580972,40.77724306,-73.87260917
1063,WN,BOS,SAN,42.3643475,-71.00517917,32.73355611,-117.1896567
1064,AS,FLL,SFO,26.07258333,-80.15275,37.61900194,-122.3748433
1065,UA,SEA,MCO,47.44898194,-122.3093131,28.42888889,-81.31602778
1066,AA,JFK,PDX,40.63975111,-73.77892556,45.58872222,-122.5975
1067,DL,DTW,IAD,42.21205889,-83.34883583,38.94453194,-77.45580972
1068,WN,MCO,SLC,28.42888889,-81.31602778,40.78838778,-111.9777731
1069,WN,PDX,TPA,45.58872222,-122.5975,27.97547222,-82.53325
1070,WN,DTW,SAN,42.21205889,-83.34883583,32.73355611,-117.1896567
1071,UA,DFW,BOS,32.89595056,-97.0372,42.3643475,-71.00517917
1072,WN,SLC,TPA,40.78838778,-111.9777731,27.97547222,-82.53325
1073,UA,PHL,PDX,39.87195278,-75.24114083,45.58872222,-122.5975
1074,AS,LAX,SLC,33.94253611,-118.4080744,40.78838778,-111.9777731
1075,WN,CLT,PHX,35.21401111,-80.94312583,33.43416667,-112.0080556
1076,OO,PDX,LAX,45.58872222,-122.5975,33.94253611,-118.4080744
1077,UA,DCA,LAX,38.85208333,-77.03772222,33.94253611,-118.4080744
1078,WN,MSP,SAN,44.88054694,-93.2169225,32.73355611,-117.1896567
1079,DL,LAS,SAN,36.08036111,-115.1523333,32.73355611,-117.1896567
1080,AS,LAX,IAH,33.94253611,-118.4080744,29.98047222,-95.33972222
1081,DL,BWI,JFK,39.17540167,-76.66819833,40.63975111,-73.77892556
1082,DL,IAH,JFK,29.98047222,-95.33972222,40.63975111,-73.77892556
1083,DL,CLT,LGA,35.21401111,-80.94312583,40.77724306,-73.87260917
1084,AA,DTW,DCA,42.21205889,-83.34883583,38.85208333,-77.03772222
1085,DL,DCA,LGA,38.85208333,-77.03772222,40.77724306,-73.87260917
1086,UA,LGA,LAS,40.77724306,-73.87260917,36.08036111,-115.1523333
1087,NK,EWR,LAX,40.69249722,-74.16866056,33.94253611,-118.4080744
1088,NK,PHX,MSP,33.43416667,-112.0080556,44.88054694,-93.2169225
1089,UA,BWI,SEA,39.17540167,-76.66819833,47.44898194,-122.3093131
1090,EV,EWR,CLT,40.69249722,-74.16866056,35.21401111,-80.94312583
1091,F9,LGA,MIA,40.77724306,-73.87260917,25.79325,-80.29055556
1092,F9,MCO,LGA,28.42888889,-81.31602778,40.77724306,-73.87260917
1093,F9,TPA,MSP,27.97547222,-82.53325,44.88054694,-93.2169225
1094,NK,BWI,CLT,39.17540167,-76.66819833,35.21401111,-80.94312583
1095,NK,PDX,SAN,45.58872222,-122.5975,32.73355611,-117.1896567
1096,F9,CLT,TPA,35.21401111,-80.94312583,27.97547222,-82.53325
1097,NK,DTW,PHX,42.21205889,-83.34883583,33.43416667,-112.0080556
1098,WN,TPA,EWR,27.97547222,-82.53325,40.69249722,-74.16866056
1099,WN,PDX,MCO,45.58872222,-122.5975,28.42888889,-81.31602778
1100,WN,BOS,CLT,42.3643475,-71.00517917,35.21401111,-80.94312583
1101,WN,PHL,LAX,39.87195278,-75.24114083,33.94253611,-118.4080744
1102,WN,FLL,MSP,26.07258333,-80.15275,44.88054694,-93.2169225
1103,UA,MSP,DCA,44.88054694,-93.2169225,38.85208333,-77.03772222
1104,WN,DTW,MSP,42.21205889,-83.34883583,44.88054694,-93.2169225
1105,OO,DEN,ORD,39.85840806,-104.6670019,41.979595,-87.90446417
1106,WN,CLT,LAX,35.21401111,-80.94312583,33.94253611,-118.4080744
1107,WN,SAN,LGA,32.73355611,-117.1896567,40.77724306,-73.87260917
1108,WN,MSP,MCO,44.88054694,-93.2169225,28.42888889,-81.31602778
1109,UA,LAS,BWI,36.08036111,-115.1523333,39.17540167,-76.66819833
1110,UA,LAS,PHL,36.08036111,-115.1523333,39.87195278,-75.24114083
1111,WN,LAX,LGA,33.94253611,-118.4080744,40.77724306,-73.87260917
1112,WN,MSP,SLC,44.88054694,-93.2169225,40.78838778,-111.9777731
1113,WN,PDX,ATL,45.58872222,-122.5975,33.64044444,-84.42694444
1114,WN,EWR,LAX,40.69249722,-74.16866056,33.94253611,-118.4080744
1115,WN,IAD,SEA,38.94453194,-77.45580972,47.44898194,-122.3093131
1116,WN,PDX,FLL,45.58872222,-122.5975,26.07258333,-80.15275
1117,WN,SFO,DCA,37.61900194,-122.3748433,38.85208333,-77.03772222
1118,WN,SLC,FLL,40.78838778,-111.9777731,26.07258333,-80.15275
1119,DL,DFW,JFK,32.89595056,-97.0372,40.63975111,-73.77892556
1120,UA,ATL,SAN,33.64044444,-84.42694444,32.73355611,-117.1896567
1121,UA,LAX,LGA,33.94253611,-118.4080744,40.77724306,-73.87260917
1122,WN,PHL,LAS,39.87195278,-75.24114083,36.08036111,-115.1523333
1123,DL,ORD,JFK,41.979595,-87.90446417,40.63975111,-73.77892556
1124,UA,PDX,LAS,45.58872222,-122.5975,36.08036111,-115.1523333
1125,WN,LAX,BOS,33.94253611,-118.4080744,42.3643475,-71.00517917
1126,WN,MSP,SFO,44.88054694,-93.2169225,37.61900194,-122.3748433
1127,F9,BWI,IAH,39.17540167,-76.66819833,29.98047222,-95.33972222
1128,WN,CLT,TPA,35.21401111,-80.94312583,27.97547222,-82.53325
1129,EV,DTW,IAH,42.21205889,-83.34883583,29.98047222,-95.33972222
1130,OO,SEA,DAL,47.44898194,-122.3093131,32.84711389,-96.85177222
1131,UA,DCA,SAN,38.85208333,-77.03772222,32.73355611,-117.1896567
1132,WN,SFO,BWI,37.61900194,-122.3748433,39.17540167,-76.66819833
1133,F9,TPA,SFO,27.97547222,-82.53325,37.61900194,-122.3748433
1134,UA,LAX,MIA,33.94253611,-118.4080744,25.79325,-80.29055556
1135,MQ,ORD,DFW,41.979595,-87.90446417,32.89595056,-97.0372
1136,WN,PHL,BWI,39.87195278,-75.24114083,39.17540167,-76.66819833
1137,AA,BOS,LAS,42.3643475,-71.00517917,36.08036111,-115.1523333
1138,G4,LAX,LAS,33.94253611,-118.4080744,36.08036111,-115.1523333
1139,UA,LGA,PDX,40.77724306,-73.87260917,45.58872222,-122.5975
1140,WN,CLT,SEA,35.21401111,-80.94312583,47.44898194,-122.3093131
1141,WN,SLC,PHL,40.78838778,-111.9777731,39.87195278,-75.24114083
1142,EV,DTW,EWR,42.21205889,-83.34883583,40.69249722,-74.16866056
1143,OO,IAH,DEN,29.98047222,-95.33972222,39.85840806,-104.6670019
1144,UA,ATL,SEA,33.64044444,-84.42694444,47.44898194,-122.3093131
1145,UA,BWI,PHX,39.17540167,-76.66819833,33.43416667,-112.0080556
1146,UA,CLT,IAD,35.21401111,-80.94312583,38.94453194,-77.45580972
1147,UA,IAD,DTW,38.94453194,-77.45580972,42.21205889,-83.34883583
1148,UA,SAN,BOS,32.73355611,-117.1896567,42.3643475,-71.00517917
1149,UA,TPA,BOS,27.97547222,-82.53325,42.3643475,-71.00517917
1150,UA,TPA,LAX,27.97547222,-82.53325,33.94253611,-118.4080744
1151,OO,LGA,DTW,40.77724306,-73.87260917,42.21205889,-83.34883583
1152,NK,TPA,SEA,27.97547222,-82.53325,47.44898194,-122.3093131
1153,OO,MSP,LGA,44.88054694,-93.2169225,40.77724306,-73.87260917
1154,EV,MSP,IAH,44.88054694,-93.2169225,29.98047222,-95.33972222
1155,EV,EWR,BOS,40.69249722,-74.16866056,42.3643475,-71.00517917
1156,OO,SFO,SEA,37.61900194,-122.3748433,47.44898194,-122.3093131
1157,OO,DEN,PHX,39.85840806,-104.6670019,33.43416667,-112.0080556
1158,OO,LGA,BOS,40.77724306,-73.87260917,42.3643475,-71.00517917
1159,OO,LGA,IAH,40.77724306,-73.87260917,29.98047222,-95.33972222
1160,OO,LAS,SFO,36.08036111,-115.1523333,37.61900194,-122.3748433
1161,WN,SFO,BOS,37.61900194,-122.3748433,42.3643475,-71.00517917
1162,WN,CLT,ATL,35.21401111,-80.94312583,33.64044444,-84.42694444
1163,WN,ATL,SFO,33.64044444,-84.42694444,37.61900194,-122.3748433
1164,WN,EWR,MCO,40.69249722,-74.16866056,28.42888889,-81.31602778
1165,WN,MSP,SEA,44.88054694,-93.2169225,47.44898194,-122.3093131
1166,WN,SAN,IAD,32.73355611,-117.1896567,38.94453194,-77.45580972
1167,UA,SEA,BOS,47.44898194,-122.3093131,42.3643475,-71.00517917
1168,F9,PHX,IAD,33.43416667,-112.0080556,38.94453194,-77.45580972
1169,EV,IAH,DCA,29.98047222,-95.33972222,38.85208333,-77.03772222
1170,UA,LAX,PDX,33.94253611,-118.4080744,45.58872222,-122.5975
1171,AA,PHL,SLC,39.87195278,-75.24114083,40.78838778,-111.9777731
1172,MQ,ORD,DCA,41.979595,-87.90446417,38.85208333,-77.03772222
1173,AA,PHL,JFK,39.87195278,-75.24114083,40.63975111,-73.77892556
1174,UA,LAX,SLC,33.94253611,-118.4080744,40.78838778,-111.9777731
1175,WN,BWI,DCA,39.17540167,-76.66819833,38.85208333,-77.03772222
1176,AA,SFO,SLC,37.61900194,-122.3748433,40.78838778,-111.9777731
1177,DL,PHL,BOS,39.87195278,-75.24114083,42.3643475,-71.00517917
1178,DL,LAX,PHX,33.94253611,-118.4080744,33.43416667,-112.0080556
1179,F9,MIA,SFO,25.79325,-80.29055556,37.61900194,-122.3748433
1180,F9,LAS,MSP,36.08036111,-115.1523333,44.88054694,-93.2169225
1181,F9,PHX,ATL,33.43416667,-112.0080556,33.64044444,-84.42694444
1182,UA,FLL,MCO,26.07258333,-80.15275,28.42888889,-81.31602778
1183,WN,MSP,BOS,44.88054694,-93.2169225,42.3643475,-71.00517917
1184,EV,ORD,CLT,41.979595,-87.90446417,35.21401111,-80.94312583
1185,OO,DEN,SFO,39.85840806,-104.6670019,37.61900194,-122.3748433
1186,UA,LAX,DTW,33.94253611,-118.4080744,42.21205889,-83.34883583
1187,UA,FLL,TPA,26.07258333,-80.15275,27.97547222,-82.53325
1188,AS,ORD,DTW,41.979595,-87.90446417,42.21205889,-83.34883583
1189,WN,BWI,IAD,39.17540167,-76.66819833,38.94453194,-77.45580972
1190,MQ,LAX,ATL,33.94253611,-118.4080744,33.64044444,-84.42694444
1191,AS,SLC,PHX,40.78838778,-111.9777731,33.43416667,-112.0080556
1192,WN,SLC,DCA,40.78838778,-111.9777731,38.85208333,-77.03772222
1193,WN,TPA,SEA,27.97547222,-82.53325,47.44898194,-122.3093131
1194,WN,SEA,ATL,47.44898194,-122.3093131,33.64044444,-84.42694444
1195,AA,LAX,SLC,33.94253611,-118.4080744,40.78838778,-111.9777731
1196,AS,SAN,SLC,32.73355611,-117.1896567,40.78838778,-111.9777731
1197,WN,SEA,DTW,47.44898194,-122.3093131,42.21205889,-83.34883583
1198,WN,LGA,SFO,40.77724306,-73.87260917,37.61900194,-122.3748433
1199,AA,SAN,BWI,32.73355611,-117.1896567,39.17540167,-76.66819833
1200,AA,LAS,MSP,36.08036111,-115.1523333,44.88054694,-93.2169225
1201,NK,PDX,LAX,45.58872222,-122.5975,33.94253611,-118.4080744
1202,F9,LAS,PHX,36.08036111,-115.1523333,33.43416667,-112.0080556
1203,WN,TPA,MCO,27.97547222,-82.53325,28.42888889,-81.31602778
1204,WN,EWR,SFO,40.69249722,-74.16866056,37.61900194,-122.3748433
1205,WN,LGA,SLC,40.77724306,-73.87260917,40.78838778,-111.9777731
1206,WN,SAN,PHL,32.73355611,-117.1896567,39.87195278,-75.24114083
1207,WN,PHL,SEA,39.87195278,-75.24114083,47.44898194,-122.3093131
1208,WN,FLL,SEA,26.07258333,-80.15275,47.44898194,-122.3093131
1209,UA,SAN,LGA,32.73355611,-117.1896567,40.77724306,-73.87260917
1210,WN,EWR,MSP,40.69249722,-74.16866056,44.88054694,-93.2169225
1211,EV,ORD,ATL,41.979595,-87.90446417,33.64044444,-84.42694444
1212,WN,EWR,LAS,40.69249722,-74.16866056,36.08036111,-115.1523333
1213,WN,CLT,DCA,35.21401111,-80.94312583,38.85208333,-77.03772222
1214,OO,ORD,IAH,41.979595,-87.90446417,29.98047222,-95.33972222
1215,UA,BOS,LGA,42.3643475,-71.00517917,40.77724306,-73.87260917
1216,OO,EWR,DTW,40.69249722,-74.16866056,42.21205889,-83.34883583
1217,MQ,SAN,LAX,32.73355611,-117.1896567,33.94253611,-118.4080744
1218,AA,MSP,DCA,44.88054694,-93.2169225,38.85208333,-77.03772222
1219,AA,PDX,SFO,45.58872222,-122.5975,37.61900194,-122.3748433
1220,EV,IAH,CLT,29.98047222,-95.33972222,35.21401111,-80.94312583
1221,WN,PHL,BOS,39.87195278,-75.24114083,42.3643475,-71.00517917
1222,UA,DFW,CLT,32.89595056,-97.0372,35.21401111,-80.94312583
1223,F9,TPA,ATL,27.97547222,-82.53325,33.64044444,-84.42694444
1224,F9,LAX,MIA,33.94253611,-118.4080744,25.79325,-80.29055556
1225,MQ,DFW,ATL,32.89595056,-97.0372,33.64044444,-84.42694444
1226,AA,LGA,DTW,40.77724306,-73.87260917,42.21205889,-83.34883583
1227,WN,PDX,DCA,45.58872222,-122.5975,38.85208333,-77.03772222
1228,WN,PDX,BOS,45.58872222,-122.5975,42.3643475,-71.00517917
1229,AS,LAX,SAN,33.94253611,-118.4080744,32.73355611,-117.1896567
1230,AS,FLL,DFW,26.07258333,-80.15275,32.89595056,-97.0372
1231,OO,SFO,ORD,37.61900194,-122.3748433,41.979595,-87.90446417
1232,WN,BOS,DTW,42.3643475,-71.00517917,42.21205889,-83.34883583
1233,UA,LAX,FLL,33.94253611,-118.4080744,26.07258333,-80.15275
1234,UA,SAN,MSP,32.73355611,-117.1896567,44.88054694,-93.2169225
1235,WN,CLT,EWR,35.21401111,-80.94312583,40.69249722,-74.16866056
1236,WN,BOS,IAD,42.3643475,-71.00517917,38.94453194,-77.45580972
1237,WN,CLT,MSP,35.21401111,-80.94312583,44.88054694,-93.2169225
1238,UA,MSP,BWI,44.88054694,-93.2169225,39.17540167,-76.66819833
1239,AA,SEA,SFO,47.44898194,-122.3093131,37.61900194,-122.3748433
1240,UA,LGA,DFW,40.77724306,-73.87260917,32.89595056,-97.0372
1241,OO,DEN,SAN,39.85840806,-104.6670019,32.73355611,-117.1896567
1242,AA,LAX,SEA,33.94253611,-118.4080744,47.44898194,-122.3093131
1243,WN,DCA,BOS,38.85208333,-77.03772222,42.3643475,-71.00517917
1244,WN,SFO,SEA,37.61900194,-122.3748433,47.44898194,-122.3093131
1245,UA,SEA,PHX,47.44898194,-122.3093131,33.43416667,-112.0080556
1246,F9,IAD,SLC,38.94453194,-77.45580972,40.78838778,-111.9777731
1247,UA,MIA,LGA,25.79325,-80.29055556,40.77724306,-73.87260917
1248,EV,ORD,LGA,41.979595,-87.90446417,40.77724306,-73.87260917
1249,F9,LAS,SEA,36.08036111,-115.1523333,47.44898194,-122.3093131
1250,AA,MSP,LGA,44.88054694,-93.2169225,40.77724306,-73.87260917
